-- Creacion de la base de datos

DROP DATABASE IF EXISTS SAFEZONE_DB;
CREATE DATABASE SAFEZONE_DB;
USE SAFEZONE_DB;

-- Eliminando Tablas

DROP TABLE IF EXISTS safezone_db.Calificacion;
DROP TABLE IF EXISTS safezone_db.Categoria;
DROP TABLE IF EXISTS safezone_db.Ciudad;
DROP TABLE IF EXISTS safezone_db.Departamento;
DROP TABLE IF EXISTS safezone_db.EstadoPago;
DROP TABLE IF EXISTS safezone_db.EstadoPedido;
DROP TABLE IF EXISTS safezone_db.EstadoProducto;
DROP TABLE IF EXISTS safezone_db.Pedido;
DROP TABLE IF EXISTS safezone_db.Producto;
DROP TABLE IF EXISTS safezone_db.ProductoFavorito;
DROP TABLE IF EXISTS safezone_db.Tarjeta;
DROP TABLE IF EXISTS safezone_db.TipoUsuario;
DROP TABLE IF EXISTS safezone_db.Usuario;

-- Creación de tablas

CREATE TABLE safezone_db.Calificacion (
  ID           int(10) NOT NULL AUTO_INCREMENT, 
  ProductoID   int(10) NOT NULL, 
  Calificacion int(1) NOT NULL, 
  Comentario   varchar(255), 
  PRIMARY KEY (ID));
  
CREATE TABLE safezone_db.Categoria (
  ID          int(10) NOT NULL AUTO_INCREMENT, 
  Nombre      varchar(255) NOT NULL UNIQUE, 
  Descripcion varchar(255) NOT NULL, 
  PRIMARY KEY (ID));
  
CREATE TABLE safezone_db.Ciudad (
  ID             int(10) NOT NULL AUTO_INCREMENT, 
  DepartamentoID int(10) NOT NULL, 
  Nombre         varchar(255) NOT NULL, 
  PRIMARY KEY (ID));
  
CREATE TABLE safezone_db.Departamento (
  ID     int(10) NOT NULL AUTO_INCREMENT, 
  Nombre varchar(255) NOT NULL, 
  PRIMARY KEY (ID));
  
CREATE TABLE safezone_db.EstadoPago (
  ID          int(10) NOT NULL AUTO_INCREMENT, 
  Nombre      varchar(255) NOT NULL UNIQUE, 
  Descripcion varchar(255) NOT NULL, 
  PRIMARY KEY (ID));
  
CREATE TABLE safezone_db.EstadoPedido (
  ID          int(10) NOT NULL AUTO_INCREMENT, 
  Nombre      varchar(255) NOT NULL UNIQUE, 
  Descripcion varchar(255) NOT NULL, 
  PRIMARY KEY (ID));
  
CREATE TABLE safezone_db.EstadoProducto (
  ID         int(10) NOT NULL AUTO_INCREMENT, 
  Nombre     varchar(255) NOT NULL UNIQUE, 
  Disponible bit(1) NOT NULL, 
  PRIMARY KEY (ID));
  
CREATE TABLE safezone_db.Pedido (
  ID               int(10) NOT NULL AUTO_INCREMENT, 
  CompradorID      int(10) NOT NULL, 
  ProductoID       int(10) NOT NULL, 
  TarjetaID        int(10) NOT NULL, 
  EstadoPedidoID   int(10) NOT NULL, 
  EstadoPagoID     int(10) NOT NULL, 
  DireccionOrigen  varchar(255) NOT NULL, 
  DireccionDestino varchar(255) NOT NULL, 
  GuiaRastreo      varchar(255) NOT NULL, 
  PesoTotal        numeric(19, 0) NOT NULL, 
  Cantidad         int(10) NOT NULL, 
  Subtotal         numeric(19, 0) NOT NULL, 
  Total            numeric(19, 0) NOT NULL, 
  PRIMARY KEY (ID));
  
CREATE TABLE safezone_db.Producto (
  ID                  int(10) NOT NULL AUTO_INCREMENT, 
  VendedorID          int(10) NOT NULL, 
  Cantidad            int(10) NOT NULL, 
  Titulo              varchar(255) NOT NULL,
  Descripcion         varchar(255) NOT NULL, 
  Valor               int(10) NOT NULL, 
  PorcentajeDescuento int(10) NOT NULL, 
  Peso                numeric(19, 0) NOT NULL, 
  Alto                numeric(19, 0) NOT NULL, 
  Largo               numeric(19, 0) NOT NULL, 
  Ancho               numeric(19, 0) NOT NULL, 
  Color               varchar(255) NOT NULL, 
  EstadoProductoID    int(10) NOT NULL, 
  CiudadID            int(10) NOT NULL, 
  CategoriaID         int(10) NOT NULL, 
  PRIMARY KEY (ID));
  
CREATE TABLE safezone_db.ProductoFavorito (
  ID         int(10) NOT NULL AUTO_INCREMENT, 
  UsuarioID  int(10) NOT NULL, 
  ProductoID int(10) NOT NULL, 
  PRIMARY KEY (ID));
  
CREATE TABLE safezone_db.Tarjeta (
  ID             int(10) NOT NULL AUTO_INCREMENT, 
  UsuarioID      int(10) NOT NULL, 
  NumeroTarjeta  int(10) NOT NULL UNIQUE, 
  CVV            int(10), 
  AñoVencimiento int(10) NOT NULL, 
  MesVencimiento int(10) NOT NULL, 
  Activo         bit(1) NOT NULL, 
  PRIMARY KEY (ID));
  
CREATE TABLE safezone_db.TipoUsuario (
  ID          int(10) NOT NULL AUTO_INCREMENT, 
  Nombre      varchar(255) NOT NULL UNIQUE, 
  Descripcion varchar(255) NOT NULL, 
  Nivel       int(1) NOT NULL, 
  PRIMARY KEY (ID));
  
CREATE TABLE safezone_db.Usuario (
  ID                int(10) NOT NULL AUTO_INCREMENT, 
  Nombre            varchar(255) NOT NULL, 
  Apellido          varchar(255) NOT NULL, 
  Usuario           varchar(255) NOT NULL UNIQUE, 
  Contraseña        varchar(500) NOT NULL, 
  CorreoElectronico varchar(255) NOT NULL, 
  FechaNacimiento   date NOT NULL, 
  FechaRegistro     date NOT NULL, 
  Telefono          varchar(255) NOT NULL, 
  Direccion         varchar(255) NOT NULL, 
  CiudadID          int(10) NOT NULL, 
  TipoUsuarioID     int(10) NOT NULL, 
  PRIMARY KEY (ID));
  
CREATE TABLE Imagenes (
  ID         int(11) NOT NULL AUTO_INCREMENT, 
  ProductoID int(10), 
  Base64     MEDIUMTEXT CHARACTER SET BINARY NOT NULL, 
  Principal  bit(1) NOT NULL, 
  PRIMARY KEY (ID));

-- Foreigns

ALTER TABLE safezone_db.Producto ADD CONSTRAINT FK_VENDEDOR FOREIGN KEY (VendedorID) REFERENCES Usuario (ID) ON DELETE CASCADE;
ALTER TABLE safezone_db.Calificacion ADD CONSTRAINT FK_PRODUCTO FOREIGN KEY (ProductoID) REFERENCES Producto (ID) ON DELETE CASCADE;
ALTER TABLE safezone_db.ProductoFavorito ADD CONSTRAINT FK_PRODUCTO2 FOREIGN KEY (ProductoID) REFERENCES Producto (ID) ON DELETE CASCADE;
ALTER TABLE safezone_db.ProductoFavorito ADD CONSTRAINT FK_USUARIO FOREIGN KEY (UsuarioID) REFERENCES Usuario (ID) ON DELETE CASCADE;
ALTER TABLE safezone_db.Pedido ADD CONSTRAINT FK_ESTADOPAGO FOREIGN KEY (EstadoPagoID) REFERENCES EstadoPago (ID) ON DELETE CASCADE;
ALTER TABLE safezone_db.Usuario ADD CONSTRAINT FK_TIPOUSUARIO FOREIGN KEY (TipoUsuarioID) REFERENCES TipoUsuario (ID) ON DELETE CASCADE;
ALTER TABLE safezone_db.Pedido ADD CONSTRAINT FK_ESTADOPEDIDO FOREIGN KEY (EstadoPedidoID) REFERENCES EstadoPedido (ID) ON DELETE CASCADE;
ALTER TABLE safezone_db.Producto ADD CONSTRAINT FK_CATEGORIA FOREIGN KEY (CategoriaID) REFERENCES Categoria (ID) ON DELETE CASCADE;
ALTER TABLE safezone_db.Pedido ADD CONSTRAINT FK_TARJETA FOREIGN KEY (TarjetaID) REFERENCES Tarjeta (ID) ON DELETE CASCADE;
ALTER TABLE safezone_db.Producto ADD CONSTRAINT FK_CIUDAD FOREIGN KEY (CiudadID) REFERENCES Ciudad (ID) ON DELETE CASCADE;
ALTER TABLE safezone_db.Usuario ADD CONSTRAINT FK_CIUDAD2 FOREIGN KEY (CiudadID) REFERENCES Ciudad (ID) ON DELETE CASCADE;
ALTER TABLE safezone_db.Ciudad ADD CONSTRAINT FK_DEPARTAMENTO FOREIGN KEY (DepartamentoID) REFERENCES Departamento (ID) ON DELETE CASCADE;
ALTER TABLE safezone_db.Pedido ADD CONSTRAINT FK_PRODUCTO3 FOREIGN KEY (ProductoID) REFERENCES Producto (ID) ON DELETE CASCADE;
ALTER TABLE safezone_db.Pedido ADD CONSTRAINT FK_COMPRADOR FOREIGN KEY (CompradorID) REFERENCES Usuario (ID) ON DELETE CASCADE;
ALTER TABLE safezone_db.Producto ADD CONSTRAINT FK_ESTADOPRODUCTO FOREIGN KEY (EstadoProductoID) REFERENCES EstadoProducto (ID) ON DELETE CASCADE;
ALTER TABLE safezone_db.Tarjeta ADD CONSTRAINT FK_USUARIO2 FOREIGN KEY (UsuarioID) REFERENCES Usuario (ID) ON DELETE CASCADE;
ALTER TABLE Imagenes ADD CONSTRAINT FK_PRODUCTO4 FOREIGN KEY (ProductoID) REFERENCES Producto (ID) ON DELETE CASCADE;

-- Llenado de tablas de referencia

INSERT INTO `safezone_db`.`tipousuario` (`ID`, `Nombre`, `Descripcion`, `Nivel`) VALUES ('1', 'Registrado', 'Usuario registrado', '0');
INSERT INTO `safezone_db`.`tipousuario` (`ID`, `Nombre`, `Descripcion`, `Nivel`) VALUES ('2', 'Administrador', 'Administrador del sistema', '1');

INSERT INTO `safezone_db`.`departamento` (`ID`,`Nombre`) VALUES ('91','Amazonas');
INSERT INTO `safezone_db`.`departamento` (`ID`,`Nombre`) VALUES ('05','Antioquia');
INSERT INTO `safezone_db`.`departamento` (`ID`,`Nombre`) VALUES ('81','Arauca');
INSERT INTO `safezone_db`.`departamento` (`ID`,`Nombre`) VALUES ('08','Atlántico');
INSERT INTO `safezone_db`.`departamento` (`ID`,`Nombre`) VALUES ('11','Bogotá');
INSERT INTO `safezone_db`.`departamento` (`ID`,`Nombre`) VALUES ('13','Bolívar');
INSERT INTO `safezone_db`.`departamento` (`ID`,`Nombre`) VALUES ('15','Boyacá');
INSERT INTO `safezone_db`.`departamento` (`ID`,`Nombre`) VALUES ('17','Caldas');
INSERT INTO `safezone_db`.`departamento` (`ID`,`Nombre`) VALUES ('18','Caquetá');
INSERT INTO `safezone_db`.`departamento` (`ID`,`Nombre`) VALUES ('85','Casanare');
INSERT INTO `safezone_db`.`departamento` (`ID`,`Nombre`) VALUES ('19','Cauca');
INSERT INTO `safezone_db`.`departamento` (`ID`,`Nombre`) VALUES ('20','Cesar');
INSERT INTO `safezone_db`.`departamento` (`ID`,`Nombre`) VALUES ('27','Chocó');
INSERT INTO `safezone_db`.`departamento` (`ID`,`Nombre`) VALUES ('23','Córdoba');
INSERT INTO `safezone_db`.`departamento` (`ID`,`Nombre`) VALUES ('25','Cundinamarca');
INSERT INTO `safezone_db`.`departamento` (`ID`,`Nombre`) VALUES ('94','Guainía');
INSERT INTO `safezone_db`.`departamento` (`ID`,`Nombre`) VALUES ('95','Guaviare');
INSERT INTO `safezone_db`.`departamento` (`ID`,`Nombre`) VALUES ('41','Huila');
INSERT INTO `safezone_db`.`departamento` (`ID`,`Nombre`) VALUES ('44','La Guajira');
INSERT INTO `safezone_db`.`departamento` (`ID`,`Nombre`) VALUES ('47','Magdalena');
INSERT INTO `safezone_db`.`departamento` (`ID`,`Nombre`) VALUES ('50','Meta');
INSERT INTO `safezone_db`.`departamento` (`ID`,`Nombre`) VALUES ('52','Nariño');
INSERT INTO `safezone_db`.`departamento` (`ID`,`Nombre`) VALUES ('54','Norte de Santander');
INSERT INTO `safezone_db`.`departamento` (`ID`,`Nombre`) VALUES ('86','Putumayo');
INSERT INTO `safezone_db`.`departamento` (`ID`,`Nombre`) VALUES ('63','Quindío');
INSERT INTO `safezone_db`.`departamento` (`ID`,`Nombre`) VALUES ('66','Risaralda');
INSERT INTO `safezone_db`.`departamento` (`ID`,`Nombre`) VALUES ('88','San Andrés y Providencia');
INSERT INTO `safezone_db`.`departamento` (`ID`,`Nombre`) VALUES ('68','Santander');
INSERT INTO `safezone_db`.`departamento` (`ID`,`Nombre`) VALUES ('70','Sucre');
INSERT INTO `safezone_db`.`departamento` (`ID`,`Nombre`) VALUES ('73','Tolima');
INSERT INTO `safezone_db`.`departamento` (`ID`,`Nombre`) VALUES ('76','Valle del Cauca');
INSERT INTO `safezone_db`.`departamento` (`ID`,`Nombre`) VALUES ('97','Vaupés');
INSERT INTO `safezone_db`.`departamento` (`ID`,`Nombre`) VALUES ('99','Vichada');
INSERT INTO `safezone_db`.`ciudad` (`DepartamentoID`, `Nombre`) VALUES ('05','MEDELLÍN');
INSERT INTO `safezone_db`.`ciudad` (`DepartamentoID`, `Nombre`) VALUES ('05','ABEJORRAL');
INSERT INTO `safezone_db`.`ciudad` (`DepartamentoID`, `Nombre`) VALUES ('05','ABRIAQUÍ');
INSERT INTO `safezone_db`.`ciudad` (`DepartamentoID`, `Nombre`) VALUES ('05','ALEJANDRÍA');
INSERT INTO `safezone_db`.`ciudad` (`DepartamentoID`, `Nombre`) VALUES ('05','AMAGÁ');
INSERT INTO `safezone_db`.`ciudad` (`DepartamentoID`, `Nombre`) VALUES ('05','AMALFI');
INSERT INTO `safezone_db`.`ciudad` (`DepartamentoID`, `Nombre`) VALUES ('05','ANDES');
INSERT INTO `safezone_db`.`ciudad` (`DepartamentoID`, `Nombre`) VALUES ('05','ANGELÓPOLIS');
INSERT INTO `safezone_db`.`ciudad` (`DepartamentoID`, `Nombre`) VALUES ('05','ANGOSTURA');
INSERT INTO `safezone_db`.`ciudad` (`DepartamentoID`, `Nombre`) VALUES ('05','ANORÍ');
INSERT INTO `safezone_db`.`ciudad` (`DepartamentoID`, `Nombre`) VALUES ('05','SANTA FÉ DE ANTIOQUIA');
INSERT INTO `safezone_db`.`ciudad` (`DepartamentoID`, `Nombre`) VALUES ('05','ANZÁ');
INSERT INTO `safezone_db`.`ciudad` (`DepartamentoID`, `Nombre`) VALUES ('05','APARTADÓ');
INSERT INTO `safezone_db`.`ciudad` (`DepartamentoID`, `Nombre`) VALUES ('05','ARBOLETES');
INSERT INTO `safezone_db`.`ciudad` (`DepartamentoID`, `Nombre`) VALUES ('05','ARGELIA ');
INSERT INTO `safezone_db`.`ciudad` (`DepartamentoID`, `Nombre`) VALUES ('05','ARMENIA ');
INSERT INTO `safezone_db`.`ciudad` (`DepartamentoID`, `Nombre`) VALUES ('05','BARBOSA ');
INSERT INTO `safezone_db`.`ciudad` (`DepartamentoID`, `Nombre`) VALUES ('05','BELMIRA ');
INSERT INTO `safezone_db`.`ciudad` (`DepartamentoID`, `Nombre`) VALUES ('05','BELLO ');
INSERT INTO `safezone_db`.`ciudad` (`DepartamentoID`, `Nombre`) VALUES ('05','BETANIA ');
INSERT INTO `safezone_db`.`ciudad` (`DepartamentoID`, `Nombre`) VALUES ('05','BETULIA ');
INSERT INTO `safezone_db`.`ciudad` (`DepartamentoID`, `Nombre`) VALUES ('05','CIUDAD BOLÍVAR ');
INSERT INTO `safezone_db`.`ciudad` (`DepartamentoID`, `Nombre`) VALUES ('05','BRICEÑO ');
INSERT INTO `safezone_db`.`ciudad` (`DepartamentoID`, `Nombre`) VALUES ('05','BURITICÁ ');
INSERT INTO `safezone_db`.`ciudad` (`DepartamentoID`, `Nombre`) VALUES ('05','CÁCERES');
INSERT INTO `safezone_db`.`ciudad` (`DepartamentoID`, `Nombre`) VALUES ('05','CAICEDO');
INSERT INTO `safezone_db`.`ciudad` (`DepartamentoID`, `Nombre`) VALUES ('05','CALDAS');
INSERT INTO `safezone_db`.`ciudad` (`DepartamentoID`, `Nombre`) VALUES ('05','CAMPAMENTO');
INSERT INTO `safezone_db`.`ciudad` (`DepartamentoID`, `Nombre`) VALUES ('05','CAÑASGORDAS');
INSERT INTO `safezone_db`.`ciudad` (`DepartamentoID`, `Nombre`) VALUES ('05','CARACOLÍ');
INSERT INTO `safezone_db`.`ciudad` (`DepartamentoID`, `Nombre`) VALUES ('05','CARAMANTA');
INSERT INTO `safezone_db`.`ciudad` (`DepartamentoID`, `Nombre`) VALUES ('05','CAREPA');
INSERT INTO `safezone_db`.`ciudad` (`DepartamentoID`, `Nombre`) VALUES ('05','EL CARMEN DE VIBORAL');
INSERT INTO `safezone_db`.`ciudad` (`DepartamentoID`, `Nombre`) VALUES ('05','CAROLINA');
INSERT INTO `safezone_db`.`ciudad` (`DepartamentoID`, `Nombre`) VALUES ('05','CAUCASIA');
INSERT INTO `safezone_db`.`ciudad` (`DepartamentoID`, `Nombre`) VALUES ('05','CHIGORODÓ');
INSERT INTO `safezone_db`.`ciudad` (`DepartamentoID`, `Nombre`) VALUES ('05','CISNEROS');
INSERT INTO `safezone_db`.`ciudad` (`DepartamentoID`, `Nombre`) VALUES ('05','COCORNÁ');
INSERT INTO `safezone_db`.`ciudad` (`DepartamentoID`, `Nombre`) VALUES ('05','CONCEPCIÓN');
INSERT INTO `safezone_db`.`ciudad` (`DepartamentoID`, `Nombre`) VALUES ('05','CONCORDIA');
INSERT INTO `safezone_db`.`ciudad` (`DepartamentoID`, `Nombre`) VALUES ('05','COPACABANA');
INSERT INTO `safezone_db`.`ciudad` (`DepartamentoID`, `Nombre`) VALUES ('05','DABEIBA');
INSERT INTO `safezone_db`.`ciudad` (`DepartamentoID`, `Nombre`) VALUES ('05','DONMATÍAS');
INSERT INTO `safezone_db`.`ciudad` (`DepartamentoID`, `Nombre`) VALUES ('05','EBÉJICO');
INSERT INTO `safezone_db`.`ciudad` (`DepartamentoID`, `Nombre`) VALUES ('05','EL BAGRE ');
INSERT INTO `safezone_db`.`ciudad` (`DepartamentoID`, `Nombre`) VALUES ('05','ENTRERRÍOS ');
INSERT INTO `safezone_db`.`ciudad` (`DepartamentoID`, `Nombre`) VALUES ('05','ENVIGADO ');
INSERT INTO `safezone_db`.`ciudad` (`DepartamentoID`, `Nombre`) VALUES ('05','FREDONIA ');
INSERT INTO `safezone_db`.`ciudad` (`DepartamentoID`, `Nombre`) VALUES ('05','FRONTINO ');
INSERT INTO `safezone_db`.`ciudad` (`DepartamentoID`, `Nombre`) VALUES ('05','GIRALDO ');
INSERT INTO `safezone_db`.`ciudad` (`DepartamentoID`, `Nombre`) VALUES ('05','GIRARDOTA ');
INSERT INTO `safezone_db`.`ciudad` (`DepartamentoID`, `Nombre`) VALUES ('05','GÓMEZ PLATA ');
INSERT INTO `safezone_db`.`ciudad` (`DepartamentoID`, `Nombre`) VALUES ('05','GRANADA ');
INSERT INTO `safezone_db`.`ciudad` (`DepartamentoID`, `Nombre`) VALUES ('05','GUADALUPE ');
INSERT INTO `safezone_db`.`ciudad` (`DepartamentoID`, `Nombre`) VALUES ('05','GUARNE ');
INSERT INTO `safezone_db`.`ciudad` (`DepartamentoID`, `Nombre`) VALUES ('05','GUATAPÉ ');
INSERT INTO `safezone_db`.`ciudad` (`DepartamentoID`, `Nombre`) VALUES ('05','HELICONIA ');
INSERT INTO `safezone_db`.`ciudad` (`DepartamentoID`, `Nombre`) VALUES ('05','HISPANIA ');
INSERT INTO `safezone_db`.`ciudad` (`DepartamentoID`, `Nombre`) VALUES ('05','ITAGÜÍ ');
INSERT INTO `safezone_db`.`ciudad` (`DepartamentoID`, `Nombre`) VALUES ('05','ITUANGO ');
INSERT INTO `safezone_db`.`ciudad` (`DepartamentoID`, `Nombre`) VALUES ('05','JARDÍN ');
INSERT INTO `safezone_db`.`ciudad` (`DepartamentoID`, `Nombre`) VALUES ('05','JERICÓ ');
INSERT INTO `safezone_db`.`ciudad` (`DepartamentoID`, `Nombre`) VALUES ('05','LA CEJA ');
INSERT INTO `safezone_db`.`ciudad` (`DepartamentoID`, `Nombre`) VALUES ('05','LA ESTRELLA ');
INSERT INTO `safezone_db`.`ciudad` (`DepartamentoID`, `Nombre`) VALUES ('05','LA PINTADA ');
INSERT INTO `safezone_db`.`ciudad` (`DepartamentoID`, `Nombre`) VALUES ('05','LA UNIÓN ');
INSERT INTO `safezone_db`.`ciudad` (`DepartamentoID`, `Nombre`) VALUES ('05','LIBORINA ');
INSERT INTO `safezone_db`.`ciudad` (`DepartamentoID`, `Nombre`) VALUES ('05','MACEO ');
INSERT INTO `safezone_db`.`ciudad` (`DepartamentoID`, `Nombre`) VALUES ('05','MARINILLA ');
INSERT INTO `safezone_db`.`ciudad` (`DepartamentoID`, `Nombre`) VALUES ('05','MONTEBELLO ');
INSERT INTO `safezone_db`.`ciudad` (`DepartamentoID`, `Nombre`) VALUES ('05','MURINDÓ ');
INSERT INTO `safezone_db`.`ciudad` (`DepartamentoID`, `Nombre`) VALUES ('05','MUTATÁ ');
INSERT INTO `safezone_db`.`ciudad` (`DepartamentoID`, `Nombre`) VALUES ('05','NARIÑO ');
INSERT INTO `safezone_db`.`ciudad` (`DepartamentoID`, `Nombre`) VALUES ('05','NECOCLÍ ');
INSERT INTO `safezone_db`.`ciudad` (`DepartamentoID`, `Nombre`) VALUES ('05','NECHÍ ');
INSERT INTO `safezone_db`.`ciudad` (`DepartamentoID`, `Nombre`) VALUES ('05','OLAYA ');
INSERT INTO `safezone_db`.`ciudad` (`DepartamentoID`, `Nombre`) VALUES ('05','PEÑOL ');
INSERT INTO `safezone_db`.`ciudad` (`DepartamentoID`, `Nombre`) VALUES ('05','PEQUE ');
INSERT INTO `safezone_db`.`ciudad` (`DepartamentoID`, `Nombre`) VALUES ('05','PUEBLORRICO ');
INSERT INTO `safezone_db`.`ciudad` (`DepartamentoID`, `Nombre`) VALUES ('05','PUERTO BERRÍO ');
INSERT INTO `safezone_db`.`ciudad` (`DepartamentoID`, `Nombre`) VALUES ('05','PUERTO NARE ');
INSERT INTO `safezone_db`.`ciudad` (`DepartamentoID`, `Nombre`) VALUES ('05','PUERTO TRIUNFO ');
INSERT INTO `safezone_db`.`ciudad` (`DepartamentoID`, `Nombre`) VALUES ('05','REMEDIOS ');
INSERT INTO `safezone_db`.`ciudad` (`DepartamentoID`, `Nombre`) VALUES ('05','RETIRO ');
INSERT INTO `safezone_db`.`ciudad` (`DepartamentoID`, `Nombre`) VALUES ('05','RIONEGRO ');
INSERT INTO `safezone_db`.`ciudad` (`DepartamentoID`, `Nombre`) VALUES ('05','SABANALARGA ');
INSERT INTO `safezone_db`.`ciudad` (`DepartamentoID`, `Nombre`) VALUES ('05','SABANETA ');
INSERT INTO `safezone_db`.`ciudad` (`DepartamentoID`, `Nombre`) VALUES ('05','SALGAR ');
INSERT INTO `safezone_db`.`ciudad` (`DepartamentoID`, `Nombre`) VALUES ('05','SAN ANDRÉS DE CUERQUÍA ');
INSERT INTO `safezone_db`.`ciudad` (`DepartamentoID`, `Nombre`) VALUES ('05','SAN CARLOS ');
INSERT INTO `safezone_db`.`ciudad` (`DepartamentoID`, `Nombre`) VALUES ('05','SAN FRANCISCO ');
INSERT INTO `safezone_db`.`ciudad` (`DepartamentoID`, `Nombre`) VALUES ('05','SAN JERÓNIMO ');
INSERT INTO `safezone_db`.`ciudad` (`DepartamentoID`, `Nombre`) VALUES ('05','SAN JOSÉ DE LA MONTAÑA ');
INSERT INTO `safezone_db`.`ciudad` (`DepartamentoID`, `Nombre`) VALUES ('05','SAN JUAN DE URABÁ ');
INSERT INTO `safezone_db`.`ciudad` (`DepartamentoID`, `Nombre`) VALUES ('05','SAN LUIS ');
INSERT INTO `safezone_db`.`ciudad` (`DepartamentoID`, `Nombre`) VALUES ('05','SAN PEDRO DE LOS MILAGROS ');
INSERT INTO `safezone_db`.`ciudad` (`DepartamentoID`, `Nombre`) VALUES ('05','SAN PEDRO DE URABÁ ');
INSERT INTO `safezone_db`.`ciudad` (`DepartamentoID`, `Nombre`) VALUES ('05','SAN RAFAEL ');
INSERT INTO `safezone_db`.`ciudad` (`DepartamentoID`, `Nombre`) VALUES ('05','SAN ROQUE ');
INSERT INTO `safezone_db`.`ciudad` (`DepartamentoID`, `Nombre`) VALUES ('05','SAN VICENTE FERRER ');
INSERT INTO `safezone_db`.`ciudad` (`DepartamentoID`, `Nombre`) VALUES ('05','SANTA BÁRBARA ');
INSERT INTO `safezone_db`.`ciudad` (`DepartamentoID`, `Nombre`) VALUES ('05','SANTA ROSA DE OSOS ');
INSERT INTO `safezone_db`.`ciudad` (`DepartamentoID`, `Nombre`) VALUES ('05','SANTO DOMINGO ');
INSERT INTO `safezone_db`.`ciudad` (`DepartamentoID`, `Nombre`) VALUES ('05','EL SANTUARIO ');
INSERT INTO `safezone_db`.`ciudad` (`DepartamentoID`, `Nombre`) VALUES ('05','SEGOVIA ');
INSERT INTO `safezone_db`.`ciudad` (`DepartamentoID`, `Nombre`) VALUES ('05','SONSÓN ');
INSERT INTO `safezone_db`.`ciudad` (`DepartamentoID`, `Nombre`) VALUES ('05','SOPETRÁN ');
INSERT INTO `safezone_db`.`ciudad` (`DepartamentoID`, `Nombre`) VALUES ('05','TÁMESIS ');
INSERT INTO `safezone_db`.`ciudad` (`DepartamentoID`, `Nombre`) VALUES ('05','TARAZÁ ');
INSERT INTO `safezone_db`.`ciudad` (`DepartamentoID`, `Nombre`) VALUES ('05','TARSO ');
INSERT INTO `safezone_db`.`ciudad` (`DepartamentoID`, `Nombre`) VALUES ('05','TITIRIBÍ ');
INSERT INTO `safezone_db`.`ciudad` (`DepartamentoID`, `Nombre`) VALUES ('05','TOLEDO ');
INSERT INTO `safezone_db`.`ciudad` (`DepartamentoID`, `Nombre`) VALUES ('05','TURBO ');
INSERT INTO `safezone_db`.`ciudad` (`DepartamentoID`, `Nombre`) VALUES ('05','URAMITA ');
INSERT INTO `safezone_db`.`ciudad` (`DepartamentoID`, `Nombre`) VALUES ('05','URRAO ');
INSERT INTO `safezone_db`.`ciudad` (`DepartamentoID`, `Nombre`) VALUES ('05','VALDIVIA ');
INSERT INTO `safezone_db`.`ciudad` (`DepartamentoID`, `Nombre`) VALUES ('05','VALPARAÍSO ');
INSERT INTO `safezone_db`.`ciudad` (`DepartamentoID`, `Nombre`) VALUES ('05','VEGACHÍ ');
INSERT INTO `safezone_db`.`ciudad` (`DepartamentoID`, `Nombre`) VALUES ('05','VENECIA ');
INSERT INTO `safezone_db`.`ciudad` (`DepartamentoID`, `Nombre`) VALUES ('05','VENECIA ');
INSERT INTO `safezone_db`.`ciudad` (`DepartamentoID`, `Nombre`) VALUES ('05','VIGÍA DEL FUERTE ');
INSERT INTO `safezone_db`.`ciudad` (`DepartamentoID`, `Nombre`) VALUES ('05','YALÍ ');
INSERT INTO `safezone_db`.`ciudad` (`DepartamentoID`, `Nombre`) VALUES ('05','YARUMAL ');
INSERT INTO `safezone_db`.`ciudad` (`DepartamentoID`, `Nombre`) VALUES ('05','YOLOMBÓ ');
INSERT INTO `safezone_db`.`ciudad` (`DepartamentoID`, `Nombre`) VALUES ('05','YONDÓ ');
INSERT INTO `safezone_db`.`ciudad` (`DepartamentoID`, `Nombre`) VALUES ('05','ZARAGOZA ');
INSERT INTO `safezone_db`.`ciudad` (`DepartamentoID`, `Nombre`) VALUES ('08','BARRANQUILLA ');
INSERT INTO `safezone_db`.`ciudad` (`DepartamentoID`, `Nombre`) VALUES ('08','BARANOA ');
INSERT INTO `safezone_db`.`ciudad` (`DepartamentoID`, `Nombre`) VALUES ('08','CAMPO DE LA CRUZ ');
INSERT INTO `safezone_db`.`ciudad` (`DepartamentoID`, `Nombre`) VALUES ('08','CANDELARIA ');
INSERT INTO `safezone_db`.`ciudad` (`DepartamentoID`, `Nombre`) VALUES ('08','GALAPA ');
INSERT INTO `safezone_db`.`ciudad` (`DepartamentoID`, `Nombre`) VALUES ('08','JUAN DE ACOSTA ');
INSERT INTO `safezone_db`.`ciudad` (`DepartamentoID`, `Nombre`) VALUES ('08','LURUACO ');
INSERT INTO `safezone_db`.`ciudad` (`DepartamentoID`, `Nombre`) VALUES ('08','MALAMBO ');
INSERT INTO `safezone_db`.`ciudad` (`DepartamentoID`, `Nombre`) VALUES ('08','MANATÍ ');
INSERT INTO `safezone_db`.`ciudad` (`DepartamentoID`, `Nombre`) VALUES ('08','PALMAR DE VARELA ');
INSERT INTO `safezone_db`.`ciudad` (`DepartamentoID`, `Nombre`) VALUES ('08','PIOJÓ ');
INSERT INTO `safezone_db`.`ciudad` (`DepartamentoID`, `Nombre`) VALUES ('08','POLONUEVO ');
INSERT INTO `safezone_db`.`ciudad` (`DepartamentoID`, `Nombre`) VALUES ('08','PONEDERA ');
INSERT INTO `safezone_db`.`ciudad` (`DepartamentoID`, `Nombre`) VALUES ('08','PUERTO COLOMBIA ');
INSERT INTO `safezone_db`.`ciudad` (`DepartamentoID`, `Nombre`) VALUES ('08','REPELÓN ');
INSERT INTO `safezone_db`.`ciudad` (`DepartamentoID`, `Nombre`) VALUES ('08','SABANAGRANDE ');
INSERT INTO `safezone_db`.`ciudad` (`DepartamentoID`, `Nombre`) VALUES ('08','SABANALARGA ');
INSERT INTO `safezone_db`.`ciudad` (`DepartamentoID`, `Nombre`) VALUES ('08','SANTA LUCÍA ');
INSERT INTO `safezone_db`.`ciudad` (`DepartamentoID`, `Nombre`) VALUES ('08','SANTO TOMÁS ');
INSERT INTO `safezone_db`.`ciudad` (`DepartamentoID`, `Nombre`) VALUES ('08','SOLEDAD ');
INSERT INTO `safezone_db`.`ciudad` (`DepartamentoID`, `Nombre`) VALUES ('08','SUAN ');
INSERT INTO `safezone_db`.`ciudad` (`DepartamentoID`, `Nombre`) VALUES ('08','TUBARÁ ');
INSERT INTO `safezone_db`.`ciudad` (`DepartamentoID`, `Nombre`) VALUES ('08','USIACURÍ ');
INSERT INTO `safezone_db`.`ciudad` (`DepartamentoID`, `Nombre`) VALUES ('11','BOGOTÁ, D.C. ');
INSERT INTO `safezone_db`.`ciudad` (`DepartamentoID`, `Nombre`) VALUES ('13','CARTAGENA DE INDIAS ');
INSERT INTO `safezone_db`.`ciudad` (`DepartamentoID`, `Nombre`) VALUES ('13','ACHÍ ');
INSERT INTO `safezone_db`.`ciudad` (`DepartamentoID`, `Nombre`) VALUES ('13','ALTOS DEL ROSARIO ');
INSERT INTO `safezone_db`.`ciudad` (`DepartamentoID`, `Nombre`) VALUES ('13','ARENAL ');
INSERT INTO `safezone_db`.`ciudad` (`DepartamentoID`, `Nombre`) VALUES ('13','ARJONA ');
INSERT INTO `safezone_db`.`ciudad` (`DepartamentoID`, `Nombre`) VALUES ('13','ARROYOHONDO ');
INSERT INTO `safezone_db`.`ciudad` (`DepartamentoID`, `Nombre`) VALUES ('13','BARRANCO DE LOBA ');
INSERT INTO `safezone_db`.`ciudad` (`DepartamentoID`, `Nombre`) VALUES ('13','CALAMAR ');
INSERT INTO `safezone_db`.`ciudad` (`DepartamentoID`, `Nombre`) VALUES ('13','CANTAGALLO ');
INSERT INTO `safezone_db`.`ciudad` (`DepartamentoID`, `Nombre`) VALUES ('13','CICUCO ');
INSERT INTO `safezone_db`.`ciudad` (`DepartamentoID`, `Nombre`) VALUES ('13','CÓRDOBA ');
INSERT INTO `safezone_db`.`ciudad` (`DepartamentoID`, `Nombre`) VALUES ('13','CLEMENCIA ');
INSERT INTO `safezone_db`.`ciudad` (`DepartamentoID`, `Nombre`) VALUES ('13','EL CARMEN DE');
INSERT INTO `safezone_db`.`ciudad` (`DepartamentoID`, `Nombre`) VALUES ('13','EL GUAMO ');
INSERT INTO `safezone_db`.`ciudad` (`DepartamentoID`, `Nombre`) VALUES ('13','EL PEÑÓN ');
INSERT INTO `safezone_db`.`ciudad` (`DepartamentoID`, `Nombre`) VALUES ('13','HATILLO DE LOBA ');
INSERT INTO `safezone_db`.`ciudad` (`DepartamentoID`, `Nombre`) VALUES ('13','MAGANGUÉ ');
INSERT INTO `safezone_db`.`ciudad` (`DepartamentoID`, `Nombre`) VALUES ('13','MAHATES ');
INSERT INTO `safezone_db`.`ciudad` (`DepartamentoID`, `Nombre`) VALUES ('13','MARGARITA ');
INSERT INTO `safezone_db`.`ciudad` (`DepartamentoID`, `Nombre`) VALUES ('13','MARÍA LA BAJA ');
INSERT INTO `safezone_db`.`ciudad` (`DepartamentoID`, `Nombre`) VALUES ('13','MONTECRISTO ');
INSERT INTO `safezone_db`.`ciudad` (`DepartamentoID`, `Nombre`) VALUES ('13','MOMPÓS ');
INSERT INTO `safezone_db`.`ciudad` (`DepartamentoID`, `Nombre`) VALUES ('13','MORALES ');
INSERT INTO `safezone_db`.`ciudad` (`DepartamentoID`, `Nombre`) VALUES ('13','NOROSÍ ');
INSERT INTO `safezone_db`.`ciudad` (`DepartamentoID`, `Nombre`) VALUES ('13','PINILLOS ');
INSERT INTO `safezone_db`.`ciudad` (`DepartamentoID`, `Nombre`) VALUES ('13','REGIDOR ');
INSERT INTO `safezone_db`.`ciudad` (`DepartamentoID`, `Nombre`) VALUES ('13','RÍO VIEJO ');
INSERT INTO `safezone_db`.`ciudad` (`DepartamentoID`, `Nombre`) VALUES ('13','SAN CRISTÓBAL ');
INSERT INTO `safezone_db`.`ciudad` (`DepartamentoID`, `Nombre`) VALUES ('13','SAN ESTANISLAO ');
INSERT INTO `safezone_db`.`ciudad` (`DepartamentoID`, `Nombre`) VALUES ('13','SAN FERNANDO ');
INSERT INTO `safezone_db`.`ciudad` (`DepartamentoID`, `Nombre`) VALUES ('13','SAN JACINTO ');
INSERT INTO `safezone_db`.`ciudad` (`DepartamentoID`, `Nombre`) VALUES ('13','SAN JACINTO DEL CAUCA ');
INSERT INTO `safezone_db`.`ciudad` (`DepartamentoID`, `Nombre`) VALUES ('13','SAN JUAN NEPOMUCENO ');
INSERT INTO `safezone_db`.`ciudad` (`DepartamentoID`, `Nombre`) VALUES ('13','SAN MARTÍN DE LOBA ');
INSERT INTO `safezone_db`.`ciudad` (`DepartamentoID`, `Nombre`) VALUES ('13','SAN PABLO SUR ');
INSERT INTO `safezone_db`.`ciudad` (`DepartamentoID`, `Nombre`) VALUES ('13','SANTA CATALINA ');
INSERT INTO `safezone_db`.`ciudad` (`DepartamentoID`, `Nombre`) VALUES ('13','SANTA ROSA DE LIMA ');
INSERT INTO `safezone_db`.`ciudad` (`DepartamentoID`, `Nombre`) VALUES ('13','SANTA ROSA DEL SUR ');
INSERT INTO `safezone_db`.`ciudad` (`DepartamentoID`, `Nombre`) VALUES ('13','SIMITÍ ');
INSERT INTO `safezone_db`.`ciudad` (`DepartamentoID`, `Nombre`) VALUES ('13','SOPLAVIENTO ');
INSERT INTO `safezone_db`.`ciudad` (`DepartamentoID`, `Nombre`) VALUES ('13','TALAIGUA NUEVO ');
INSERT INTO `safezone_db`.`ciudad` (`DepartamentoID`, `Nombre`) VALUES ('13','TIQUISIO ');
INSERT INTO `safezone_db`.`ciudad` (`DepartamentoID`, `Nombre`) VALUES ('13','TURBACO ');
INSERT INTO `safezone_db`.`ciudad` (`DepartamentoID`, `Nombre`) VALUES ('13','TURBANÁ ');
INSERT INTO `safezone_db`.`ciudad` (`DepartamentoID`, `Nombre`) VALUES ('13','VILLANUEVA ');
INSERT INTO `safezone_db`.`ciudad` (`DepartamentoID`, `Nombre`) VALUES ('13','ZAMBRANO ');
INSERT INTO `safezone_db`.`ciudad` (`DepartamentoID`, `Nombre`) VALUES ('15','TUNJA ');
INSERT INTO `safezone_db`.`ciudad` (`DepartamentoID`, `Nombre`) VALUES ('15','ALMEIDA ');
INSERT INTO `safezone_db`.`ciudad` (`DepartamentoID`, `Nombre`) VALUES ('15','AQUITANIA ');
INSERT INTO `safezone_db`.`ciudad` (`DepartamentoID`, `Nombre`) VALUES ('15','ARCABUCO ');
INSERT INTO `safezone_db`.`ciudad` (`DepartamentoID`, `Nombre`) VALUES ('15','BELÉN ');
INSERT INTO `safezone_db`.`ciudad` (`DepartamentoID`, `Nombre`) VALUES ('15','BERBEO ');
INSERT INTO `safezone_db`.`ciudad` (`DepartamentoID`, `Nombre`) VALUES ('15','BETÉITIVA ');
INSERT INTO `safezone_db`.`ciudad` (`DepartamentoID`, `Nombre`) VALUES ('15','BOAVITA ');
INSERT INTO `safezone_db`.`ciudad` (`DepartamentoID`, `Nombre`) VALUES ('15','BOYACÁ ');
INSERT INTO `safezone_db`.`ciudad` (`DepartamentoID`, `Nombre`) VALUES ('15','BRICEÑO ');
INSERT INTO `safezone_db`.`ciudad` (`DepartamentoID`, `Nombre`) VALUES ('15','BUENAVISTA ');
INSERT INTO `safezone_db`.`ciudad` (`DepartamentoID`, `Nombre`) VALUES ('15','BUSBANZÁ ');
INSERT INTO `safezone_db`.`ciudad` (`DepartamentoID`, `Nombre`) VALUES ('15','CALDAS ');
INSERT INTO `safezone_db`.`ciudad` (`DepartamentoID`, `Nombre`) VALUES ('15','CAMPOHERMOSO ');
INSERT INTO `safezone_db`.`ciudad` (`DepartamentoID`, `Nombre`) VALUES ('15','CERINZA ');
INSERT INTO `safezone_db`.`ciudad` (`DepartamentoID`, `Nombre`) VALUES ('15','CHINAVITA ');
INSERT INTO `safezone_db`.`ciudad` (`DepartamentoID`, `Nombre`) VALUES ('15','CHIQUINQUIRÁ ');
INSERT INTO `safezone_db`.`ciudad` (`DepartamentoID`, `Nombre`) VALUES ('15','CHISCAS ');
INSERT INTO `safezone_db`.`ciudad` (`DepartamentoID`, `Nombre`) VALUES ('15','CHITA ');
INSERT INTO `safezone_db`.`ciudad` (`DepartamentoID`, `Nombre`) VALUES ('15','CHITARAQUE ');
INSERT INTO `safezone_db`.`ciudad` (`DepartamentoID`, `Nombre`) VALUES ('15','CHIVATÁ ');
INSERT INTO `safezone_db`.`ciudad` (`DepartamentoID`, `Nombre`) VALUES ('15','CIÉNEGA ');
INSERT INTO `safezone_db`.`ciudad` (`DepartamentoID`, `Nombre`) VALUES ('15','CÓMBITA ');
INSERT INTO `safezone_db`.`ciudad` (`DepartamentoID`, `Nombre`) VALUES ('15','COPER ');
INSERT INTO `safezone_db`.`ciudad` (`DepartamentoID`, `Nombre`) VALUES ('15','CORRALES ');
INSERT INTO `safezone_db`.`ciudad` (`DepartamentoID`, `Nombre`) VALUES ('15','COVARACHÍA ');
INSERT INTO `safezone_db`.`ciudad` (`DepartamentoID`, `Nombre`) VALUES ('15','CUBARÁ ');
INSERT INTO `safezone_db`.`ciudad` (`DepartamentoID`, `Nombre`) VALUES ('15','CUCAITA ');
INSERT INTO `safezone_db`.`ciudad` (`DepartamentoID`, `Nombre`) VALUES ('15','CUÍTIVA ');
INSERT INTO `safezone_db`.`ciudad` (`DepartamentoID`, `Nombre`) VALUES ('15','CHÍQUIZA ');
INSERT INTO `safezone_db`.`ciudad` (`DepartamentoID`, `Nombre`) VALUES ('15','CHIVOR ');
INSERT INTO `safezone_db`.`ciudad` (`DepartamentoID`, `Nombre`) VALUES ('15','DUITAMA ');
INSERT INTO `safezone_db`.`ciudad` (`DepartamentoID`, `Nombre`) VALUES ('15','EL COCUY ');
INSERT INTO `safezone_db`.`ciudad` (`DepartamentoID`, `Nombre`) VALUES ('15','EL ESPINO ');
INSERT INTO `safezone_db`.`ciudad` (`DepartamentoID`, `Nombre`) VALUES ('15','FIRAVITOBA ');
INSERT INTO `safezone_db`.`ciudad` (`DepartamentoID`, `Nombre`) VALUES ('15','FLORESTA ');
INSERT INTO `safezone_db`.`ciudad` (`DepartamentoID`, `Nombre`) VALUES ('15','GACHANTIVÁ ');
INSERT INTO `safezone_db`.`ciudad` (`DepartamentoID`, `Nombre`) VALUES ('15','GÁMEZA ');
INSERT INTO `safezone_db`.`ciudad` (`DepartamentoID`, `Nombre`) VALUES ('15','GARAGOA ');
INSERT INTO `safezone_db`.`ciudad` (`DepartamentoID`, `Nombre`) VALUES ('15','GUACAMAYAS ');
INSERT INTO `safezone_db`.`ciudad` (`DepartamentoID`, `Nombre`) VALUES ('15','GUATEQUE ');
INSERT INTO `safezone_db`.`ciudad` (`DepartamentoID`, `Nombre`) VALUES ('15','GUAYATÁ ');
INSERT INTO `safezone_db`.`ciudad` (`DepartamentoID`, `Nombre`) VALUES ('15','GÜICÁN DE LA SIERRA ');
INSERT INTO `safezone_db`.`ciudad` (`DepartamentoID`, `Nombre`) VALUES ('15','IZA ');
INSERT INTO `safezone_db`.`ciudad` (`DepartamentoID`, `Nombre`) VALUES ('15','JENESANO ');
INSERT INTO `safezone_db`.`ciudad` (`DepartamentoID`, `Nombre`) VALUES ('15','JERICÓ ');
INSERT INTO `safezone_db`.`ciudad` (`DepartamentoID`, `Nombre`) VALUES ('15','LABRANZAGRANDE ');
INSERT INTO `safezone_db`.`ciudad` (`DepartamentoID`, `Nombre`) VALUES ('15','LA CAPILLA ');
INSERT INTO `safezone_db`.`ciudad` (`DepartamentoID`, `Nombre`) VALUES ('15','LA VICTORIA ');
INSERT INTO `safezone_db`.`ciudad` (`DepartamentoID`, `Nombre`) VALUES ('15','LA UVITA ');
INSERT INTO `safezone_db`.`ciudad` (`DepartamentoID`, `Nombre`) VALUES ('15','VILLA DE LEYVA ');
INSERT INTO `safezone_db`.`ciudad` (`DepartamentoID`, `Nombre`) VALUES ('15','MACANAL ');
INSERT INTO `safezone_db`.`ciudad` (`DepartamentoID`, `Nombre`) VALUES ('15','MARIPÍ ');
INSERT INTO `safezone_db`.`ciudad` (`DepartamentoID`, `Nombre`) VALUES ('15','MIRAFLORES ');
INSERT INTO `safezone_db`.`ciudad` (`DepartamentoID`, `Nombre`) VALUES ('15','MONGUA ');
INSERT INTO `safezone_db`.`ciudad` (`DepartamentoID`, `Nombre`) VALUES ('15','MONGUÍ ');
INSERT INTO `safezone_db`.`ciudad` (`DepartamentoID`, `Nombre`) VALUES ('15','MONIQUIRÁ ');
INSERT INTO `safezone_db`.`ciudad` (`DepartamentoID`, `Nombre`) VALUES ('15','MOTAVITA ');
INSERT INTO `safezone_db`.`ciudad` (`DepartamentoID`, `Nombre`) VALUES ('15','MUZO ');
INSERT INTO `safezone_db`.`ciudad` (`DepartamentoID`, `Nombre`) VALUES ('15','NOBSA ');
INSERT INTO `safezone_db`.`ciudad` (`DepartamentoID`, `Nombre`) VALUES ('15','NUEVO COLÓN ');
INSERT INTO `safezone_db`.`ciudad` (`DepartamentoID`, `Nombre`) VALUES ('15','OICATÁ ');
INSERT INTO `safezone_db`.`ciudad` (`DepartamentoID`, `Nombre`) VALUES ('15','OTANCHE ');
INSERT INTO `safezone_db`.`ciudad` (`DepartamentoID`, `Nombre`) VALUES ('15','PACHAVITA ');
INSERT INTO `safezone_db`.`ciudad` (`DepartamentoID`, `Nombre`) VALUES ('15','PÁEZ ');
INSERT INTO `safezone_db`.`ciudad` (`DepartamentoID`, `Nombre`) VALUES ('15','PAIPA ');
INSERT INTO `safezone_db`.`ciudad` (`DepartamentoID`, `Nombre`) VALUES ('15','PAJARITO ');
INSERT INTO `safezone_db`.`ciudad` (`DepartamentoID`, `Nombre`) VALUES ('15','PANQUEBA ');
INSERT INTO `safezone_db`.`ciudad` (`DepartamentoID`, `Nombre`) VALUES ('15','PAUNA ');
INSERT INTO `safezone_db`.`ciudad` (`DepartamentoID`, `Nombre`) VALUES ('15','PAYA ');
INSERT INTO `safezone_db`.`ciudad` (`DepartamentoID`, `Nombre`) VALUES ('15','PAZ DE RÍO ');
INSERT INTO `safezone_db`.`ciudad` (`DepartamentoID`, `Nombre`) VALUES ('15','PESCA ');
INSERT INTO `safezone_db`.`ciudad` (`DepartamentoID`, `Nombre`) VALUES ('15','PISBA ');
INSERT INTO `safezone_db`.`ciudad` (`DepartamentoID`, `Nombre`) VALUES ('15','PUERTO');
INSERT INTO `safezone_db`.`ciudad` (`DepartamentoID`, `Nombre`) VALUES ('15','QUÍPAMA ');
INSERT INTO `safezone_db`.`ciudad` (`DepartamentoID`, `Nombre`) VALUES ('15','RAMIRIQUÍ ');
INSERT INTO `safezone_db`.`ciudad` (`DepartamentoID`, `Nombre`) VALUES ('15','RÁQUIRA ');
INSERT INTO `safezone_db`.`ciudad` (`DepartamentoID`, `Nombre`) VALUES ('15','RONDÓN ');
INSERT INTO `safezone_db`.`ciudad` (`DepartamentoID`, `Nombre`) VALUES ('15','SABOYÁ ');
INSERT INTO `safezone_db`.`ciudad` (`DepartamentoID`, `Nombre`) VALUES ('15','SÁCHICA ');
INSERT INTO `safezone_db`.`ciudad` (`DepartamentoID`, `Nombre`) VALUES ('15','SAMACÁ ');
INSERT INTO `safezone_db`.`ciudad` (`DepartamentoID`, `Nombre`) VALUES ('15','SAN EDUARDO ');
INSERT INTO `safezone_db`.`ciudad` (`DepartamentoID`, `Nombre`) VALUES ('15','SAN JOSÉ DE PARE ');
INSERT INTO `safezone_db`.`ciudad` (`DepartamentoID`, `Nombre`) VALUES ('15','SAN LUIS DE GACENO ');
INSERT INTO `safezone_db`.`ciudad` (`DepartamentoID`, `Nombre`) VALUES ('15','SAN MATEO ');
INSERT INTO `safezone_db`.`ciudad` (`DepartamentoID`, `Nombre`) VALUES ('15','SAN MIGUEL DE SEMA ');
INSERT INTO `safezone_db`.`ciudad` (`DepartamentoID`, `Nombre`) VALUES ('15','SAN PABLO DE BORBUR');
INSERT INTO `safezone_db`.`ciudad` (`DepartamentoID`, `Nombre`) VALUES ('15','SANTANA ');
INSERT INTO `safezone_db`.`ciudad` (`DepartamentoID`, `Nombre`) VALUES ('15','SANTA MARÍA ');
INSERT INTO `safezone_db`.`ciudad` (`DepartamentoID`, `Nombre`) VALUES ('15','SANTA ROSA DE VITERBO ');
INSERT INTO `safezone_db`.`ciudad` (`DepartamentoID`, `Nombre`) VALUES ('15','SANTA SOFÍA ');
INSERT INTO `safezone_db`.`ciudad` (`DepartamentoID`, `Nombre`) VALUES ('15','SATIVANORTE ');
INSERT INTO `safezone_db`.`ciudad` (`DepartamentoID`, `Nombre`) VALUES ('15','SATIVASUR ');
INSERT INTO `safezone_db`.`ciudad` (`DepartamentoID`, `Nombre`) VALUES ('15','SIACHOQUE ');
INSERT INTO `safezone_db`.`ciudad` (`DepartamentoID`, `Nombre`) VALUES ('15','SOATÁ ');
INSERT INTO `safezone_db`.`ciudad` (`DepartamentoID`, `Nombre`) VALUES ('15','SOCOTÁ ');
INSERT INTO `safezone_db`.`ciudad` (`DepartamentoID`, `Nombre`) VALUES ('15','SOCHA ');
INSERT INTO `safezone_db`.`ciudad` (`DepartamentoID`, `Nombre`) VALUES ('15','SOGAMOSO ');
INSERT INTO `safezone_db`.`ciudad` (`DepartamentoID`, `Nombre`) VALUES ('15','SOMONDOCO ');
INSERT INTO `safezone_db`.`ciudad` (`DepartamentoID`, `Nombre`) VALUES ('15','SORA ');
INSERT INTO `safezone_db`.`ciudad` (`DepartamentoID`, `Nombre`) VALUES ('15','SOTAQUIRÁ ');
INSERT INTO `safezone_db`.`ciudad` (`DepartamentoID`, `Nombre`) VALUES ('15','SORACÁ ');
INSERT INTO `safezone_db`.`ciudad` (`DepartamentoID`, `Nombre`) VALUES ('15','SUSACÓN ');
INSERT INTO `safezone_db`.`ciudad` (`DepartamentoID`, `Nombre`) VALUES ('15','SUTAMARCHÁN ');
INSERT INTO `safezone_db`.`ciudad` (`DepartamentoID`, `Nombre`) VALUES ('15','SUTATENZA ');
INSERT INTO `safezone_db`.`ciudad` (`DepartamentoID`, `Nombre`) VALUES ('15','TASCO ');
INSERT INTO `safezone_db`.`ciudad` (`DepartamentoID`, `Nombre`) VALUES ('15','TENZA ');
INSERT INTO `safezone_db`.`ciudad` (`DepartamentoID`, `Nombre`) VALUES ('15','TIBANÁ ');
INSERT INTO `safezone_db`.`ciudad` (`DepartamentoID`, `Nombre`) VALUES ('15','TIBASOSA ');
INSERT INTO `safezone_db`.`ciudad` (`DepartamentoID`, `Nombre`) VALUES ('15','TINJACÁ ');
INSERT INTO `safezone_db`.`ciudad` (`DepartamentoID`, `Nombre`) VALUES ('15','TIPACOQUE ');
INSERT INTO `safezone_db`.`ciudad` (`DepartamentoID`, `Nombre`) VALUES ('15','TOCA ');
INSERT INTO `safezone_db`.`ciudad` (`DepartamentoID`, `Nombre`) VALUES ('15','TOGÜÍ ');
INSERT INTO `safezone_db`.`ciudad` (`DepartamentoID`, `Nombre`) VALUES ('15','TÓPAGA ');
INSERT INTO `safezone_db`.`ciudad` (`DepartamentoID`, `Nombre`) VALUES ('15','TOTA ');
INSERT INTO `safezone_db`.`ciudad` (`DepartamentoID`, `Nombre`) VALUES ('15','TUNUNGUÁ ');
INSERT INTO `safezone_db`.`ciudad` (`DepartamentoID`, `Nombre`) VALUES ('15','TURMEQUÉ ');
INSERT INTO `safezone_db`.`ciudad` (`DepartamentoID`, `Nombre`) VALUES ('15','TUTA ');
INSERT INTO `safezone_db`.`ciudad` (`DepartamentoID`, `Nombre`) VALUES ('15','TUTAZÁ ');
INSERT INTO `safezone_db`.`ciudad` (`DepartamentoID`, `Nombre`) VALUES ('15','ÚMBITA ');
INSERT INTO `safezone_db`.`ciudad` (`DepartamentoID`, `Nombre`) VALUES ('15','VENTAQUEMADA ');
INSERT INTO `safezone_db`.`ciudad` (`DepartamentoID`, `Nombre`) VALUES ('15','VIRACACHÁ ');
INSERT INTO `safezone_db`.`ciudad` (`DepartamentoID`, `Nombre`) VALUES ('15','ZETAQUIRA ');
INSERT INTO `safezone_db`.`ciudad` (`DepartamentoID`, `Nombre`) VALUES ('17','MANIZALES ');
INSERT INTO `safezone_db`.`ciudad` (`DepartamentoID`, `Nombre`) VALUES ('17','AGUADAS ');
INSERT INTO `safezone_db`.`ciudad` (`DepartamentoID`, `Nombre`) VALUES ('17','ANSERMA ');
INSERT INTO `safezone_db`.`ciudad` (`DepartamentoID`, `Nombre`) VALUES ('17','ARANZAZU ');
INSERT INTO `safezone_db`.`ciudad` (`DepartamentoID`, `Nombre`) VALUES ('17','BELALCÁZAR ');
INSERT INTO `safezone_db`.`ciudad` (`DepartamentoID`, `Nombre`) VALUES ('17','CHINCHINÁ ');
INSERT INTO `safezone_db`.`ciudad` (`DepartamentoID`, `Nombre`) VALUES ('17','FILADELFIA ');
INSERT INTO `safezone_db`.`ciudad` (`DepartamentoID`, `Nombre`) VALUES ('17','LA DORADA ');
INSERT INTO `safezone_db`.`ciudad` (`DepartamentoID`, `Nombre`) VALUES ('17','LA MERCED ');
INSERT INTO `safezone_db`.`ciudad` (`DepartamentoID`, `Nombre`) VALUES ('17','MANZANARES ');
INSERT INTO `safezone_db`.`ciudad` (`DepartamentoID`, `Nombre`) VALUES ('17','MARMATO ');
INSERT INTO `safezone_db`.`ciudad` (`DepartamentoID`, `Nombre`) VALUES ('17','MARQUETALIA ');
INSERT INTO `safezone_db`.`ciudad` (`DepartamentoID`, `Nombre`) VALUES ('17','MARULANDA ');
INSERT INTO `safezone_db`.`ciudad` (`DepartamentoID`, `Nombre`) VALUES ('17','NEIRA ');
INSERT INTO `safezone_db`.`ciudad` (`DepartamentoID`, `Nombre`) VALUES ('17','NORCASIA ');
INSERT INTO `safezone_db`.`ciudad` (`DepartamentoID`, `Nombre`) VALUES ('17','PÁCORA ');
INSERT INTO `safezone_db`.`ciudad` (`DepartamentoID`, `Nombre`) VALUES ('17','PALESTINA ');
INSERT INTO `safezone_db`.`ciudad` (`DepartamentoID`, `Nombre`) VALUES ('17','PENSILVANIA ');
INSERT INTO `safezone_db`.`ciudad` (`DepartamentoID`, `Nombre`) VALUES ('17','RIOSUCIO ');
INSERT INTO `safezone_db`.`ciudad` (`DepartamentoID`, `Nombre`) VALUES ('17','Risaralda');
INSERT INTO `safezone_db`.`ciudad` (`DepartamentoID`, `Nombre`) VALUES ('17','SALAMINA ');
INSERT INTO `safezone_db`.`ciudad` (`DepartamentoID`, `Nombre`) VALUES ('17','SAMANÁ ');
INSERT INTO `safezone_db`.`ciudad` (`DepartamentoID`, `Nombre`) VALUES ('17','SAN JOSÉ ');
INSERT INTO `safezone_db`.`ciudad` (`DepartamentoID`, `Nombre`) VALUES ('17','SUPÍA ');
INSERT INTO `safezone_db`.`ciudad` (`DepartamentoID`, `Nombre`) VALUES ('17','VICTORIA ');
INSERT INTO `safezone_db`.`ciudad` (`DepartamentoID`, `Nombre`) VALUES ('17','VILLAMARÍA ');
INSERT INTO `safezone_db`.`ciudad` (`DepartamentoID`, `Nombre`) VALUES ('17','VITERBO ');
INSERT INTO `safezone_db`.`ciudad` (`DepartamentoID`, `Nombre`) VALUES ('18','FLORENCIA ');
INSERT INTO `safezone_db`.`ciudad` (`DepartamentoID`, `Nombre`) VALUES ('18','ALBANIA ');
INSERT INTO `safezone_db`.`ciudad` (`DepartamentoID`, `Nombre`) VALUES ('18','BELÉN DE LOS ANDAQUÍES ');
INSERT INTO `safezone_db`.`ciudad` (`DepartamentoID`, `Nombre`) VALUES ('18','CARTAGENA DEL CHAIRÁ ');
INSERT INTO `safezone_db`.`ciudad` (`DepartamentoID`, `Nombre`) VALUES ('18','CURILLO ');
INSERT INTO `safezone_db`.`ciudad` (`DepartamentoID`, `Nombre`) VALUES ('18','EL DONCELLO ');
INSERT INTO `safezone_db`.`ciudad` (`DepartamentoID`, `Nombre`) VALUES ('18','EL PAUJÍL ');
INSERT INTO `safezone_db`.`ciudad` (`DepartamentoID`, `Nombre`) VALUES ('18','LA MONTAÑITA ');
INSERT INTO `safezone_db`.`ciudad` (`DepartamentoID`, `Nombre`) VALUES ('18','MILÁN ');
INSERT INTO `safezone_db`.`ciudad` (`DepartamentoID`, `Nombre`) VALUES ('18','MORELIA ');
INSERT INTO `safezone_db`.`ciudad` (`DepartamentoID`, `Nombre`) VALUES ('18','PUERTO RICO ');
INSERT INTO `safezone_db`.`ciudad` (`DepartamentoID`, `Nombre`) VALUES ('18','SAN JOSÉ DEL FRAGUA ');
INSERT INTO `safezone_db`.`ciudad` (`DepartamentoID`, `Nombre`) VALUES ('18','SAN VICENTE DEL CAGUÁN ');
INSERT INTO `safezone_db`.`ciudad` (`DepartamentoID`, `Nombre`) VALUES ('18','SOLANO ');
INSERT INTO `safezone_db`.`ciudad` (`DepartamentoID`, `Nombre`) VALUES ('18','SOLITA ');
INSERT INTO `safezone_db`.`ciudad` (`DepartamentoID`, `Nombre`) VALUES ('18','VALPARAÍSO ');
INSERT INTO `safezone_db`.`ciudad` (`DepartamentoID`, `Nombre`) VALUES ('19','POPAYÁN ');
INSERT INTO `safezone_db`.`ciudad` (`DepartamentoID`, `Nombre`) VALUES ('19','ALMAGUER ');
INSERT INTO `safezone_db`.`ciudad` (`DepartamentoID`, `Nombre`) VALUES ('19','ARGELIA ');
INSERT INTO `safezone_db`.`ciudad` (`DepartamentoID`, `Nombre`) VALUES ('19','BALBOA ');
INSERT INTO `safezone_db`.`ciudad` (`DepartamentoID`, `Nombre`) VALUES ('19','Bolívar');
INSERT INTO `safezone_db`.`ciudad` (`DepartamentoID`, `Nombre`) VALUES ('19','BUENOS AIRES ');
INSERT INTO `safezone_db`.`ciudad` (`DepartamentoID`, `Nombre`) VALUES ('19','CAJIBÍO ');
INSERT INTO `safezone_db`.`ciudad` (`DepartamentoID`, `Nombre`) VALUES ('19','CALDONO ');
INSERT INTO `safezone_db`.`ciudad` (`DepartamentoID`, `Nombre`) VALUES ('19','CALOTO ');
INSERT INTO `safezone_db`.`ciudad` (`DepartamentoID`, `Nombre`) VALUES ('19','CORINTO ');
INSERT INTO `safezone_db`.`ciudad` (`DepartamentoID`, `Nombre`) VALUES ('19','EL TAMBO ');
INSERT INTO `safezone_db`.`ciudad` (`DepartamentoID`, `Nombre`) VALUES ('19','FLORENCIA ');
INSERT INTO `safezone_db`.`ciudad` (`DepartamentoID`, `Nombre`) VALUES ('19','GUACHENÉ ');
INSERT INTO `safezone_db`.`ciudad` (`DepartamentoID`, `Nombre`) VALUES ('19','GUAPÍ ');
INSERT INTO `safezone_db`.`ciudad` (`DepartamentoID`, `Nombre`) VALUES ('19','INZÁ ');
INSERT INTO `safezone_db`.`ciudad` (`DepartamentoID`, `Nombre`) VALUES ('19','JAMBALÓ ');
INSERT INTO `safezone_db`.`ciudad` (`DepartamentoID`, `Nombre`) VALUES ('19','LA SIERRA ');
INSERT INTO `safezone_db`.`ciudad` (`DepartamentoID`, `Nombre`) VALUES ('19','LA VEGA ');
INSERT INTO `safezone_db`.`ciudad` (`DepartamentoID`, `Nombre`) VALUES ('19','LÓPEZ DE MICAY ');
INSERT INTO `safezone_db`.`ciudad` (`DepartamentoID`, `Nombre`) VALUES ('19','MERCADERES ');
INSERT INTO `safezone_db`.`ciudad` (`DepartamentoID`, `Nombre`) VALUES ('19','MIRANDA ');
INSERT INTO `safezone_db`.`ciudad` (`DepartamentoID`, `Nombre`) VALUES ('19','MORALES ');
INSERT INTO `safezone_db`.`ciudad` (`DepartamentoID`, `Nombre`) VALUES ('19','PADILLA ');
INSERT INTO `safezone_db`.`ciudad` (`DepartamentoID`, `Nombre`) VALUES ('19','PÁEZ - BELALCAZAR ');
INSERT INTO `safezone_db`.`ciudad` (`DepartamentoID`, `Nombre`) VALUES ('19','PATÍA – EL BORDO ');
INSERT INTO `safezone_db`.`ciudad` (`DepartamentoID`, `Nombre`) VALUES ('19','PIAMONTE ');
INSERT INTO `safezone_db`.`ciudad` (`DepartamentoID`, `Nombre`) VALUES ('19','PIENDAMÓ – TUNÍA ');
INSERT INTO `safezone_db`.`ciudad` (`DepartamentoID`, `Nombre`) VALUES ('19','PUERTO TEJADA ');
INSERT INTO `safezone_db`.`ciudad` (`DepartamentoID`, `Nombre`) VALUES ('19','PURACÉ - COCONUCO ');
INSERT INTO `safezone_db`.`ciudad` (`DepartamentoID`, `Nombre`) VALUES ('19','ROSAS ');
INSERT INTO `safezone_db`.`ciudad` (`DepartamentoID`, `Nombre`) VALUES ('19','SAN SEBASTIÁN ');
INSERT INTO `safezone_db`.`ciudad` (`DepartamentoID`, `Nombre`) VALUES ('19','DE QUILICHAO ');
INSERT INTO `safezone_db`.`ciudad` (`DepartamentoID`, `Nombre`) VALUES ('19','SANTA ROSA ');
INSERT INTO `safezone_db`.`ciudad` (`DepartamentoID`, `Nombre`) VALUES ('19','SILVIA ');
INSERT INTO `safezone_db`.`ciudad` (`DepartamentoID`, `Nombre`) VALUES ('19','SOTARA ');
INSERT INTO `safezone_db`.`ciudad` (`DepartamentoID`, `Nombre`) VALUES ('19','SUÁREZ ');
INSERT INTO `safezone_db`.`ciudad` (`DepartamentoID`, `Nombre`) VALUES ('19','SUCRE ');
INSERT INTO `safezone_db`.`ciudad` (`DepartamentoID`, `Nombre`) VALUES ('19','TIMBÍO ');
INSERT INTO `safezone_db`.`ciudad` (`DepartamentoID`, `Nombre`) VALUES ('19','TIMBIQUÍ ');
INSERT INTO `safezone_db`.`ciudad` (`DepartamentoID`, `Nombre`) VALUES ('19','TORIBÍO ');
INSERT INTO `safezone_db`.`ciudad` (`DepartamentoID`, `Nombre`) VALUES ('19','TOTORÓ ');
INSERT INTO `safezone_db`.`ciudad` (`DepartamentoID`, `Nombre`) VALUES ('19','VILLA RICA ');
INSERT INTO `safezone_db`.`ciudad` (`DepartamentoID`, `Nombre`) VALUES ('20','VALLEDUPAR ');
INSERT INTO `safezone_db`.`ciudad` (`DepartamentoID`, `Nombre`) VALUES ('20','AGUACHICA ');
INSERT INTO `safezone_db`.`ciudad` (`DepartamentoID`, `Nombre`) VALUES ('20','AGUSTÍN CODAZZI ');
INSERT INTO `safezone_db`.`ciudad` (`DepartamentoID`, `Nombre`) VALUES ('20','ASTREA ');
INSERT INTO `safezone_db`.`ciudad` (`DepartamentoID`, `Nombre`) VALUES ('20','BECERRIL ');
INSERT INTO `safezone_db`.`ciudad` (`DepartamentoID`, `Nombre`) VALUES ('20','BOSCONIA ');
INSERT INTO `safezone_db`.`ciudad` (`DepartamentoID`, `Nombre`) VALUES ('20','CHIMICHAGUA ');
INSERT INTO `safezone_db`.`ciudad` (`DepartamentoID`, `Nombre`) VALUES ('20','CHIRIGUANÁ ');
INSERT INTO `safezone_db`.`ciudad` (`DepartamentoID`, `Nombre`) VALUES ('20','CURUMANÍ ');
INSERT INTO `safezone_db`.`ciudad` (`DepartamentoID`, `Nombre`) VALUES ('20','EL COPEY ');
INSERT INTO `safezone_db`.`ciudad` (`DepartamentoID`, `Nombre`) VALUES ('20','EL PASO ');
INSERT INTO `safezone_db`.`ciudad` (`DepartamentoID`, `Nombre`) VALUES ('20','GAMARRA ');
INSERT INTO `safezone_db`.`ciudad` (`DepartamentoID`, `Nombre`) VALUES ('20','GONZÁLEZ ');
INSERT INTO `safezone_db`.`ciudad` (`DepartamentoID`, `Nombre`) VALUES ('20','LA GLORIA ');
INSERT INTO `safezone_db`.`ciudad` (`DepartamentoID`, `Nombre`) VALUES ('20','LA JAGUA DE IBIRICO ');
INSERT INTO `safezone_db`.`ciudad` (`DepartamentoID`, `Nombre`) VALUES ('20','MANAURE BALCÓN DEL');
INSERT INTO `safezone_db`.`ciudad` (`DepartamentoID`, `Nombre`) VALUES ('20','PAILITAS ');
INSERT INTO `safezone_db`.`ciudad` (`DepartamentoID`, `Nombre`) VALUES ('20','PELAYA ');
INSERT INTO `safezone_db`.`ciudad` (`DepartamentoID`, `Nombre`) VALUES ('20','PUEBLO BELLO ');
INSERT INTO `safezone_db`.`ciudad` (`DepartamentoID`, `Nombre`) VALUES ('20','RÍO DE ORO ');
INSERT INTO `safezone_db`.`ciudad` (`DepartamentoID`, `Nombre`) VALUES ('20','LA PAZ ');
INSERT INTO `safezone_db`.`ciudad` (`DepartamentoID`, `Nombre`) VALUES ('20','SAN ALBERTO ');
INSERT INTO `safezone_db`.`ciudad` (`DepartamentoID`, `Nombre`) VALUES ('20','SAN DIEGO ');
INSERT INTO `safezone_db`.`ciudad` (`DepartamentoID`, `Nombre`) VALUES ('20','SAN MARTÍN ');
INSERT INTO `safezone_db`.`ciudad` (`DepartamentoID`, `Nombre`) VALUES ('20','TAMALAMEQUE ');
INSERT INTO `safezone_db`.`ciudad` (`DepartamentoID`, `Nombre`) VALUES ('23','MONTERÍA ');
INSERT INTO `safezone_db`.`ciudad` (`DepartamentoID`, `Nombre`) VALUES ('23','AYAPEL ');
INSERT INTO `safezone_db`.`ciudad` (`DepartamentoID`, `Nombre`) VALUES ('23','BUENAVISTA ');
INSERT INTO `safezone_db`.`ciudad` (`DepartamentoID`, `Nombre`) VALUES ('23','CANALETE ');
INSERT INTO `safezone_db`.`ciudad` (`DepartamentoID`, `Nombre`) VALUES ('23','CERETÉ ');
INSERT INTO `safezone_db`.`ciudad` (`DepartamentoID`, `Nombre`) VALUES ('23','CHIMÁ ');
INSERT INTO `safezone_db`.`ciudad` (`DepartamentoID`, `Nombre`) VALUES ('23','CHINÚ ');
INSERT INTO `safezone_db`.`ciudad` (`DepartamentoID`, `Nombre`) VALUES ('23','CIÉNAGA DE ORO ');
INSERT INTO `safezone_db`.`ciudad` (`DepartamentoID`, `Nombre`) VALUES ('23','COTORRA ');
INSERT INTO `safezone_db`.`ciudad` (`DepartamentoID`, `Nombre`) VALUES ('23','LA APARTADA ');
INSERT INTO `safezone_db`.`ciudad` (`DepartamentoID`, `Nombre`) VALUES ('23','LORICA ');
INSERT INTO `safezone_db`.`ciudad` (`DepartamentoID`, `Nombre`) VALUES ('23','LOS CÓRDOBAS ');
INSERT INTO `safezone_db`.`ciudad` (`DepartamentoID`, `Nombre`) VALUES ('23','MOMIL ');
INSERT INTO `safezone_db`.`ciudad` (`DepartamentoID`, `Nombre`) VALUES ('23','MONTELÍBANO ');
INSERT INTO `safezone_db`.`ciudad` (`DepartamentoID`, `Nombre`) VALUES ('23','MOÑITOS ');
INSERT INTO `safezone_db`.`ciudad` (`DepartamentoID`, `Nombre`) VALUES ('23','PLANETA RICA ');
INSERT INTO `safezone_db`.`ciudad` (`DepartamentoID`, `Nombre`) VALUES ('23','PUEBLO NUEVO ');
INSERT INTO `safezone_db`.`ciudad` (`DepartamentoID`, `Nombre`) VALUES ('23','PUERTO ESCONDIDO ');
INSERT INTO `safezone_db`.`ciudad` (`DepartamentoID`, `Nombre`) VALUES ('23','PUERTO LIBERTADOR ');
INSERT INTO `safezone_db`.`ciudad` (`DepartamentoID`, `Nombre`) VALUES ('23','PURÍSIMA DE LA CONCEPCIÓN ');
INSERT INTO `safezone_db`.`ciudad` (`DepartamentoID`, `Nombre`) VALUES ('23','SAHAGÚN ');
INSERT INTO `safezone_db`.`ciudad` (`DepartamentoID`, `Nombre`) VALUES ('23','SAN ANDRÉS DE SOTAVENTO ');
INSERT INTO `safezone_db`.`ciudad` (`DepartamentoID`, `Nombre`) VALUES ('23','SAN ANTERO ');
INSERT INTO `safezone_db`.`ciudad` (`DepartamentoID`, `Nombre`) VALUES ('23','SAN BERNARDO DEL VIENTO ');
INSERT INTO `safezone_db`.`ciudad` (`DepartamentoID`, `Nombre`) VALUES ('23','SAN CARLOS ');
INSERT INTO `safezone_db`.`ciudad` (`DepartamentoID`, `Nombre`) VALUES ('23','SAN JOSÉ DE URÉ ');
INSERT INTO `safezone_db`.`ciudad` (`DepartamentoID`, `Nombre`) VALUES ('23','SAN PELAYO ');
INSERT INTO `safezone_db`.`ciudad` (`DepartamentoID`, `Nombre`) VALUES ('23','TIERRALTA ');
INSERT INTO `safezone_db`.`ciudad` (`DepartamentoID`, `Nombre`) VALUES ('23','TUCHÍN ');
INSERT INTO `safezone_db`.`ciudad` (`DepartamentoID`, `Nombre`) VALUES ('23','VALENCIA ');
INSERT INTO `safezone_db`.`ciudad` (`DepartamentoID`, `Nombre`) VALUES ('25','UBALÁ');
INSERT INTO `safezone_db`.`ciudad` (`DepartamentoID`, `Nombre`) VALUES ('25','UBAQUE');
INSERT INTO `safezone_db`.`ciudad` (`DepartamentoID`, `Nombre`) VALUES ('25','VILLA DE SAN DIEGO DE UBATÉ');
INSERT INTO `safezone_db`.`ciudad` (`DepartamentoID`, `Nombre`) VALUES ('25','UNE');
INSERT INTO `safezone_db`.`ciudad` (`DepartamentoID`, `Nombre`) VALUES ('25','ÚTICA');
INSERT INTO `safezone_db`.`ciudad` (`DepartamentoID`, `Nombre`) VALUES ('25','VERGARA');
INSERT INTO `safezone_db`.`ciudad` (`DepartamentoID`, `Nombre`) VALUES ('25','VIANÍ');
INSERT INTO `safezone_db`.`ciudad` (`DepartamentoID`, `Nombre`) VALUES ('25','VILLAGÓMEZ');
INSERT INTO `safezone_db`.`ciudad` (`DepartamentoID`, `Nombre`) VALUES ('25','VILLAPINZÓN');
INSERT INTO `safezone_db`.`ciudad` (`DepartamentoID`, `Nombre`) VALUES ('25','VILLETA');
INSERT INTO `safezone_db`.`ciudad` (`DepartamentoID`, `Nombre`) VALUES ('25','VIOTÁ');
INSERT INTO `safezone_db`.`ciudad` (`DepartamentoID`, `Nombre`) VALUES ('25','YACOPÍ');
INSERT INTO `safezone_db`.`ciudad` (`DepartamentoID`, `Nombre`) VALUES ('25','ZIPACÓN');
INSERT INTO `safezone_db`.`ciudad` (`DepartamentoID`, `Nombre`) VALUES ('25','ZIPAQUIRÁ');
INSERT INTO `safezone_db`.`ciudad` (`DepartamentoID`, `Nombre`) VALUES ('25','AGUA DE DIOS ');
INSERT INTO `safezone_db`.`ciudad` (`DepartamentoID`, `Nombre`) VALUES ('25','ALBÁN ');
INSERT INTO `safezone_db`.`ciudad` (`DepartamentoID`, `Nombre`) VALUES ('25','ANAPOIMA ');
INSERT INTO `safezone_db`.`ciudad` (`DepartamentoID`, `Nombre`) VALUES ('25','ANOLAIMA ');
INSERT INTO `safezone_db`.`ciudad` (`DepartamentoID`, `Nombre`) VALUES ('25','ARBELÁEZ ');
INSERT INTO `safezone_db`.`ciudad` (`DepartamentoID`, `Nombre`) VALUES ('25','BELTRÁN ');
INSERT INTO `safezone_db`.`ciudad` (`DepartamentoID`, `Nombre`) VALUES ('25','BITUIMA ');
INSERT INTO `safezone_db`.`ciudad` (`DepartamentoID`, `Nombre`) VALUES ('25','BOJACÁ ');
INSERT INTO `safezone_db`.`ciudad` (`DepartamentoID`, `Nombre`) VALUES ('25','CABRERA ');
INSERT INTO `safezone_db`.`ciudad` (`DepartamentoID`, `Nombre`) VALUES ('25','CACHIPAY ');
INSERT INTO `safezone_db`.`ciudad` (`DepartamentoID`, `Nombre`) VALUES ('25','CAJICÁ ');
INSERT INTO `safezone_db`.`ciudad` (`DepartamentoID`, `Nombre`) VALUES ('25','CAPARRAPÍ ');
INSERT INTO `safezone_db`.`ciudad` (`DepartamentoID`, `Nombre`) VALUES ('25','CÁQUEZA ');
INSERT INTO `safezone_db`.`ciudad` (`DepartamentoID`, `Nombre`) VALUES ('25','CARMEN DE CARUPA ');
INSERT INTO `safezone_db`.`ciudad` (`DepartamentoID`, `Nombre`) VALUES ('25','CHAGUANÍ ');
INSERT INTO `safezone_db`.`ciudad` (`DepartamentoID`, `Nombre`) VALUES ('25','CHÍA ');
INSERT INTO `safezone_db`.`ciudad` (`DepartamentoID`, `Nombre`) VALUES ('25','CHIPAQUE ');
INSERT INTO `safezone_db`.`ciudad` (`DepartamentoID`, `Nombre`) VALUES ('25','CHOACHÍ ');
INSERT INTO `safezone_db`.`ciudad` (`DepartamentoID`, `Nombre`) VALUES ('25','CHOCONTÁ ');
INSERT INTO `safezone_db`.`ciudad` (`DepartamentoID`, `Nombre`) VALUES ('25','COGUA ');
INSERT INTO `safezone_db`.`ciudad` (`DepartamentoID`, `Nombre`) VALUES ('25','COTA ');
INSERT INTO `safezone_db`.`ciudad` (`DepartamentoID`, `Nombre`) VALUES ('25','CUCUNUBÁ ');
INSERT INTO `safezone_db`.`ciudad` (`DepartamentoID`, `Nombre`) VALUES ('25','EL COLEGIO ');
INSERT INTO `safezone_db`.`ciudad` (`DepartamentoID`, `Nombre`) VALUES ('25','EL PEÑÓN ');
INSERT INTO `safezone_db`.`ciudad` (`DepartamentoID`, `Nombre`) VALUES ('25','EL ROSAL ');
INSERT INTO `safezone_db`.`ciudad` (`DepartamentoID`, `Nombre`) VALUES ('25','FACATATIVÁ ');
INSERT INTO `safezone_db`.`ciudad` (`DepartamentoID`, `Nombre`) VALUES ('25','FÓMEQUE ');
INSERT INTO `safezone_db`.`ciudad` (`DepartamentoID`, `Nombre`) VALUES ('25','FOSCA ');
INSERT INTO `safezone_db`.`ciudad` (`DepartamentoID`, `Nombre`) VALUES ('25','FUNZA ');
INSERT INTO `safezone_db`.`ciudad` (`DepartamentoID`, `Nombre`) VALUES ('25','FÚQUENE ');
INSERT INTO `safezone_db`.`ciudad` (`DepartamentoID`, `Nombre`) VALUES ('25','FUSAGASUGÁ ');
INSERT INTO `safezone_db`.`ciudad` (`DepartamentoID`, `Nombre`) VALUES ('25','GACHALÁ ');
INSERT INTO `safezone_db`.`ciudad` (`DepartamentoID`, `Nombre`) VALUES ('25','GACHANCIPÁ ');
INSERT INTO `safezone_db`.`ciudad` (`DepartamentoID`, `Nombre`) VALUES ('25','GACHETÁ ');
INSERT INTO `safezone_db`.`ciudad` (`DepartamentoID`, `Nombre`) VALUES ('25','GAMA ');
INSERT INTO `safezone_db`.`ciudad` (`DepartamentoID`, `Nombre`) VALUES ('25','GIRARDOT ');
INSERT INTO `safezone_db`.`ciudad` (`DepartamentoID`, `Nombre`) VALUES ('25','GRANADA ');
INSERT INTO `safezone_db`.`ciudad` (`DepartamentoID`, `Nombre`) VALUES ('25','GUACHETÁ ');
INSERT INTO `safezone_db`.`ciudad` (`DepartamentoID`, `Nombre`) VALUES ('25','GUADUAS ');
INSERT INTO `safezone_db`.`ciudad` (`DepartamentoID`, `Nombre`) VALUES ('25','GUASCA ');
INSERT INTO `safezone_db`.`ciudad` (`DepartamentoID`, `Nombre`) VALUES ('25','GUATAQUÍ ');
INSERT INTO `safezone_db`.`ciudad` (`DepartamentoID`, `Nombre`) VALUES ('25','GUATAVITA ');
INSERT INTO `safezone_db`.`ciudad` (`DepartamentoID`, `Nombre`) VALUES ('25','GUAYABAL DE SÍQUIMA ');
INSERT INTO `safezone_db`.`ciudad` (`DepartamentoID`, `Nombre`) VALUES ('25','GUAYABETAL ');
INSERT INTO `safezone_db`.`ciudad` (`DepartamentoID`, `Nombre`) VALUES ('25','GUTIÉRREZ ');
INSERT INTO `safezone_db`.`ciudad` (`DepartamentoID`, `Nombre`) VALUES ('25','JERUSALÉN ');
INSERT INTO `safezone_db`.`ciudad` (`DepartamentoID`, `Nombre`) VALUES ('25','JUNÍN ');
INSERT INTO `safezone_db`.`ciudad` (`DepartamentoID`, `Nombre`) VALUES ('25','LA CALERA ');
INSERT INTO `safezone_db`.`ciudad` (`DepartamentoID`, `Nombre`) VALUES ('25','LA MESA ');
INSERT INTO `safezone_db`.`ciudad` (`DepartamentoID`, `Nombre`) VALUES ('25','LA PALMA ');
INSERT INTO `safezone_db`.`ciudad` (`DepartamentoID`, `Nombre`) VALUES ('25','LA PEÑA ');
INSERT INTO `safezone_db`.`ciudad` (`DepartamentoID`, `Nombre`) VALUES ('25','LA VEGA ');
INSERT INTO `safezone_db`.`ciudad` (`DepartamentoID`, `Nombre`) VALUES ('25','LENGUAZAQUE ');
INSERT INTO `safezone_db`.`ciudad` (`DepartamentoID`, `Nombre`) VALUES ('25','MACHETÁ ');
INSERT INTO `safezone_db`.`ciudad` (`DepartamentoID`, `Nombre`) VALUES ('25','MADRID ');
INSERT INTO `safezone_db`.`ciudad` (`DepartamentoID`, `Nombre`) VALUES ('25','MANTA ');
INSERT INTO `safezone_db`.`ciudad` (`DepartamentoID`, `Nombre`) VALUES ('25','MEDINA ');
INSERT INTO `safezone_db`.`ciudad` (`DepartamentoID`, `Nombre`) VALUES ('25','MOSQUERA ');
INSERT INTO `safezone_db`.`ciudad` (`DepartamentoID`, `Nombre`) VALUES ('25','NARIÑO ');
INSERT INTO `safezone_db`.`ciudad` (`DepartamentoID`, `Nombre`) VALUES ('25','NEMOCÓN ');
INSERT INTO `safezone_db`.`ciudad` (`DepartamentoID`, `Nombre`) VALUES ('25','NILO ');
INSERT INTO `safezone_db`.`ciudad` (`DepartamentoID`, `Nombre`) VALUES ('25','NIMAIMA ');
INSERT INTO `safezone_db`.`ciudad` (`DepartamentoID`, `Nombre`) VALUES ('25','NOCAIMA ');
INSERT INTO `safezone_db`.`ciudad` (`DepartamentoID`, `Nombre`) VALUES ('25','VENECIA ');
INSERT INTO `safezone_db`.`ciudad` (`DepartamentoID`, `Nombre`) VALUES ('25','PACHO ');
INSERT INTO `safezone_db`.`ciudad` (`DepartamentoID`, `Nombre`) VALUES ('25','PAIME ');
INSERT INTO `safezone_db`.`ciudad` (`DepartamentoID`, `Nombre`) VALUES ('25','PANDI ');
INSERT INTO `safezone_db`.`ciudad` (`DepartamentoID`, `Nombre`) VALUES ('25','PARATEBUENO ');
INSERT INTO `safezone_db`.`ciudad` (`DepartamentoID`, `Nombre`) VALUES ('25','PASCA ');
INSERT INTO `safezone_db`.`ciudad` (`DepartamentoID`, `Nombre`) VALUES ('25','PUERTO SALGAR ');
INSERT INTO `safezone_db`.`ciudad` (`DepartamentoID`, `Nombre`) VALUES ('25','PULÍ ');
INSERT INTO `safezone_db`.`ciudad` (`DepartamentoID`, `Nombre`) VALUES ('25','QUEBRADANEGRA ');
INSERT INTO `safezone_db`.`ciudad` (`DepartamentoID`, `Nombre`) VALUES ('25','QUETAME ');
INSERT INTO `safezone_db`.`ciudad` (`DepartamentoID`, `Nombre`) VALUES ('25','QUIPILE ');
INSERT INTO `safezone_db`.`ciudad` (`DepartamentoID`, `Nombre`) VALUES ('25','APULO ');
INSERT INTO `safezone_db`.`ciudad` (`DepartamentoID`, `Nombre`) VALUES ('25','RICAURTE ');
INSERT INTO `safezone_db`.`ciudad` (`DepartamentoID`, `Nombre`) VALUES ('25','SAN ANTONIO DEL TEQUENDAMA ');
INSERT INTO `safezone_db`.`ciudad` (`DepartamentoID`, `Nombre`) VALUES ('25','SAN BERNARDO ');
INSERT INTO `safezone_db`.`ciudad` (`DepartamentoID`, `Nombre`) VALUES ('25','SAN CAYETANO ');
INSERT INTO `safezone_db`.`ciudad` (`DepartamentoID`, `Nombre`) VALUES ('25','SAN FRANCISCO ');
INSERT INTO `safezone_db`.`ciudad` (`DepartamentoID`, `Nombre`) VALUES ('25','SAN JUAN DE RIOSECO ');
INSERT INTO `safezone_db`.`ciudad` (`DepartamentoID`, `Nombre`) VALUES ('25','SASAIMA ');
INSERT INTO `safezone_db`.`ciudad` (`DepartamentoID`, `Nombre`) VALUES ('25','SESQUILÉ ');
INSERT INTO `safezone_db`.`ciudad` (`DepartamentoID`, `Nombre`) VALUES ('25','SIBATÉ ');
INSERT INTO `safezone_db`.`ciudad` (`DepartamentoID`, `Nombre`) VALUES ('25','SILVANIA ');
INSERT INTO `safezone_db`.`ciudad` (`DepartamentoID`, `Nombre`) VALUES ('25','SIMIJACA ');
INSERT INTO `safezone_db`.`ciudad` (`DepartamentoID`, `Nombre`) VALUES ('25','SOACHA ');
INSERT INTO `safezone_db`.`ciudad` (`DepartamentoID`, `Nombre`) VALUES ('25','SOPÓ ');
INSERT INTO `safezone_db`.`ciudad` (`DepartamentoID`, `Nombre`) VALUES ('25','SUBACHOQUE ');
INSERT INTO `safezone_db`.`ciudad` (`DepartamentoID`, `Nombre`) VALUES ('25','SUESCA ');
INSERT INTO `safezone_db`.`ciudad` (`DepartamentoID`, `Nombre`) VALUES ('25','SUPATÁ ');
INSERT INTO `safezone_db`.`ciudad` (`DepartamentoID`, `Nombre`) VALUES ('25','SUSA ');
INSERT INTO `safezone_db`.`ciudad` (`DepartamentoID`, `Nombre`) VALUES ('25','SUTATAUSA ');
INSERT INTO `safezone_db`.`ciudad` (`DepartamentoID`, `Nombre`) VALUES ('25','TABIO ');
INSERT INTO `safezone_db`.`ciudad` (`DepartamentoID`, `Nombre`) VALUES ('25','TAUSA ');
INSERT INTO `safezone_db`.`ciudad` (`DepartamentoID`, `Nombre`) VALUES ('25','TENA ');
INSERT INTO `safezone_db`.`ciudad` (`DepartamentoID`, `Nombre`) VALUES ('25','TENJO ');
INSERT INTO `safezone_db`.`ciudad` (`DepartamentoID`, `Nombre`) VALUES ('25','TIBACUY ');
INSERT INTO `safezone_db`.`ciudad` (`DepartamentoID`, `Nombre`) VALUES ('25','TIBIRITA ');
INSERT INTO `safezone_db`.`ciudad` (`DepartamentoID`, `Nombre`) VALUES ('25','TOCAIMA ');
INSERT INTO `safezone_db`.`ciudad` (`DepartamentoID`, `Nombre`) VALUES ('25','TOCANCIPÁ ');
INSERT INTO `safezone_db`.`ciudad` (`DepartamentoID`, `Nombre`) VALUES ('25','TOPAIPÍ ');
INSERT INTO `safezone_db`.`ciudad` (`DepartamentoID`, `Nombre`) VALUES ('27','QUIBDÓ');
INSERT INTO `safezone_db`.`ciudad` (`DepartamentoID`, `Nombre`) VALUES ('27','ACANDÍ');
INSERT INTO `safezone_db`.`ciudad` (`DepartamentoID`, `Nombre`) VALUES ('27','ALTO BAUDÓ (PIE DE PATÓ)');
INSERT INTO `safezone_db`.`ciudad` (`DepartamentoID`, `Nombre`) VALUES ('27','ATRATO (YUTO)');
INSERT INTO `safezone_db`.`ciudad` (`DepartamentoID`, `Nombre`) VALUES ('27','BAGADÓ');
INSERT INTO `safezone_db`.`ciudad` (`DepartamentoID`, `Nombre`) VALUES ('27','BAHÍA SOLANO (MUTIS)');
INSERT INTO `safezone_db`.`ciudad` (`DepartamentoID`, `Nombre`) VALUES ('27','BAJO BAUDÓ (PIZARRO)');
INSERT INTO `safezone_db`.`ciudad` (`DepartamentoID`, `Nombre`) VALUES ('27','BOJAYÁ (BELLA VISTA)');
INSERT INTO `safezone_db`.`ciudad` (`DepartamentoID`, `Nombre`) VALUES ('27','EL CANTÓN DEL SAN PABLO');
INSERT INTO `safezone_db`.`ciudad` (`DepartamentoID`, `Nombre`) VALUES ('27','CARMEN DEL DARIÉN');
INSERT INTO `safezone_db`.`ciudad` (`DepartamentoID`, `Nombre`) VALUES ('27','CÉRTEGUI');
INSERT INTO `safezone_db`.`ciudad` (`DepartamentoID`, `Nombre`) VALUES ('27','CONDOTO');
INSERT INTO `safezone_db`.`ciudad` (`DepartamentoID`, `Nombre`) VALUES ('27','EL CARMEN DE ATRATO');
INSERT INTO `safezone_db`.`ciudad` (`DepartamentoID`, `Nombre`) VALUES ('27','EL LITORAL DEL SAN JUAN');
INSERT INTO `safezone_db`.`ciudad` (`DepartamentoID`, `Nombre`) VALUES ('27','ISTMINA');
INSERT INTO `safezone_db`.`ciudad` (`DepartamentoID`, `Nombre`) VALUES ('27','JURADÓ');
INSERT INTO `safezone_db`.`ciudad` (`DepartamentoID`, `Nombre`) VALUES ('27','LLORÓ');
INSERT INTO `safezone_db`.`ciudad` (`DepartamentoID`, `Nombre`) VALUES ('27','MEDIO ATRATO (BETÉ)');
INSERT INTO `safezone_db`.`ciudad` (`DepartamentoID`, `Nombre`) VALUES ('27','MEDIO BAUDÓ');
INSERT INTO `safezone_db`.`ciudad` (`DepartamentoID`, `Nombre`) VALUES ('27','MEDIO SAN JUAN (ANDAGOYA)');
INSERT INTO `safezone_db`.`ciudad` (`DepartamentoID`, `Nombre`) VALUES ('27','NÓVITA');
INSERT INTO `safezone_db`.`ciudad` (`DepartamentoID`, `Nombre`) VALUES ('27','NUQUÍ');
INSERT INTO `safezone_db`.`ciudad` (`DepartamentoID`, `Nombre`) VALUES ('27','RÍO IRÓ (SANTA RITA)');
INSERT INTO `safezone_db`.`ciudad` (`DepartamentoID`, `Nombre`) VALUES ('27','RÍO QUITO (PAIMADÓ)');
INSERT INTO `safezone_db`.`ciudad` (`DepartamentoID`, `Nombre`) VALUES ('27','RIOSUCIO');
INSERT INTO `safezone_db`.`ciudad` (`DepartamentoID`, `Nombre`) VALUES ('27','SAN JOSÉ DEL PALMAR');
INSERT INTO `safezone_db`.`ciudad` (`DepartamentoID`, `Nombre`) VALUES ('27','SIPÍ');
INSERT INTO `safezone_db`.`ciudad` (`DepartamentoID`, `Nombre`) VALUES ('27','TADÓ');
INSERT INTO `safezone_db`.`ciudad` (`DepartamentoID`, `Nombre`) VALUES ('27','UNGUÍA');
INSERT INTO `safezone_db`.`ciudad` (`DepartamentoID`, `Nombre`) VALUES ('27','UNIÓN PANAMERICANA (LAS ÁNIMAS)');
INSERT INTO `safezone_db`.`ciudad` (`DepartamentoID`, `Nombre`) VALUES ('41','NEIVA');
INSERT INTO `safezone_db`.`ciudad` (`DepartamentoID`, `Nombre`) VALUES ('41','ACEVEDO');
INSERT INTO `safezone_db`.`ciudad` (`DepartamentoID`, `Nombre`) VALUES ('41','AGRADO');
INSERT INTO `safezone_db`.`ciudad` (`DepartamentoID`, `Nombre`) VALUES ('41','AIPE');
INSERT INTO `safezone_db`.`ciudad` (`DepartamentoID`, `Nombre`) VALUES ('41','ALGECIRAS');
INSERT INTO `safezone_db`.`ciudad` (`DepartamentoID`, `Nombre`) VALUES ('41','ALTAMIRA');
INSERT INTO `safezone_db`.`ciudad` (`DepartamentoID`, `Nombre`) VALUES ('41','BARAYA');
INSERT INTO `safezone_db`.`ciudad` (`DepartamentoID`, `Nombre`) VALUES ('41','CAMPOALEGRE');
INSERT INTO `safezone_db`.`ciudad` (`DepartamentoID`, `Nombre`) VALUES ('41','COLOMBIA');
INSERT INTO `safezone_db`.`ciudad` (`DepartamentoID`, `Nombre`) VALUES ('41','ELÍAS');
INSERT INTO `safezone_db`.`ciudad` (`DepartamentoID`, `Nombre`) VALUES ('41','GARZÓN');
INSERT INTO `safezone_db`.`ciudad` (`DepartamentoID`, `Nombre`) VALUES ('41','GIGANTE');
INSERT INTO `safezone_db`.`ciudad` (`DepartamentoID`, `Nombre`) VALUES ('41','GUADALUPE');
INSERT INTO `safezone_db`.`ciudad` (`DepartamentoID`, `Nombre`) VALUES ('41','HOBO');
INSERT INTO `safezone_db`.`ciudad` (`DepartamentoID`, `Nombre`) VALUES ('41','ÍQUIRA');
INSERT INTO `safezone_db`.`ciudad` (`DepartamentoID`, `Nombre`) VALUES ('41','ISNOS');
INSERT INTO `safezone_db`.`ciudad` (`DepartamentoID`, `Nombre`) VALUES ('41','LA ARGENTINA (LA PLATA VIEJA)');
INSERT INTO `safezone_db`.`ciudad` (`DepartamentoID`, `Nombre`) VALUES ('41','LA PLATA');
INSERT INTO `safezone_db`.`ciudad` (`DepartamentoID`, `Nombre`) VALUES ('41','NÁTAGA');
INSERT INTO `safezone_db`.`ciudad` (`DepartamentoID`, `Nombre`) VALUES ('41','OPORAPA');
INSERT INTO `safezone_db`.`ciudad` (`DepartamentoID`, `Nombre`) VALUES ('41','PAICOL');
INSERT INTO `safezone_db`.`ciudad` (`DepartamentoID`, `Nombre`) VALUES ('41','PALERMO');
INSERT INTO `safezone_db`.`ciudad` (`DepartamentoID`, `Nombre`) VALUES ('41','PALESTINA');
INSERT INTO `safezone_db`.`ciudad` (`DepartamentoID`, `Nombre`) VALUES ('41','PITAL');
INSERT INTO `safezone_db`.`ciudad` (`DepartamentoID`, `Nombre`) VALUES ('41','PITALITO');
INSERT INTO `safezone_db`.`ciudad` (`DepartamentoID`, `Nombre`) VALUES ('41','RIVERA');
INSERT INTO `safezone_db`.`ciudad` (`DepartamentoID`, `Nombre`) VALUES ('41','SALADOBLANCO');
INSERT INTO `safezone_db`.`ciudad` (`DepartamentoID`, `Nombre`) VALUES ('41','SAN AGUSTÍN');
INSERT INTO `safezone_db`.`ciudad` (`DepartamentoID`, `Nombre`) VALUES ('41','SANTA MARÍA');
INSERT INTO `safezone_db`.`ciudad` (`DepartamentoID`, `Nombre`) VALUES ('41','SUAZA');
INSERT INTO `safezone_db`.`ciudad` (`DepartamentoID`, `Nombre`) VALUES ('41','TARQUI');
INSERT INTO `safezone_db`.`ciudad` (`DepartamentoID`, `Nombre`) VALUES ('41','TESALIA (CARNICERÍAS)');
INSERT INTO `safezone_db`.`ciudad` (`DepartamentoID`, `Nombre`) VALUES ('41','TELLO');
INSERT INTO `safezone_db`.`ciudad` (`DepartamentoID`, `Nombre`) VALUES ('41','TERUEL');
INSERT INTO `safezone_db`.`ciudad` (`DepartamentoID`, `Nombre`) VALUES ('41','TIMANÁ');
INSERT INTO `safezone_db`.`ciudad` (`DepartamentoID`, `Nombre`) VALUES ('41','VILLAVIEJA');
INSERT INTO `safezone_db`.`ciudad` (`DepartamentoID`, `Nombre`) VALUES ('41','YAGUARÁ');
INSERT INTO `safezone_db`.`ciudad` (`DepartamentoID`, `Nombre`) VALUES ('44','RIOHACHA');
INSERT INTO `safezone_db`.`ciudad` (`DepartamentoID`, `Nombre`) VALUES ('44','ALBANIA');
INSERT INTO `safezone_db`.`ciudad` (`DepartamentoID`, `Nombre`) VALUES ('44','BARRANCAS');
INSERT INTO `safezone_db`.`ciudad` (`DepartamentoID`, `Nombre`) VALUES ('44','DIBULLA');
INSERT INTO `safezone_db`.`ciudad` (`DepartamentoID`, `Nombre`) VALUES ('44','DISTRACCIÓN');
INSERT INTO `safezone_db`.`ciudad` (`DepartamentoID`, `Nombre`) VALUES ('44','EL MOLINO');
INSERT INTO `safezone_db`.`ciudad` (`DepartamentoID`, `Nombre`) VALUES ('44','FONSECA');
INSERT INTO `safezone_db`.`ciudad` (`DepartamentoID`, `Nombre`) VALUES ('44','HATONUEVO');
INSERT INTO `safezone_db`.`ciudad` (`DepartamentoID`, `Nombre`) VALUES ('44','LA JAGUA DEL PILAR');
INSERT INTO `safezone_db`.`ciudad` (`DepartamentoID`, `Nombre`) VALUES ('44','MAICAO');
INSERT INTO `safezone_db`.`ciudad` (`DepartamentoID`, `Nombre`) VALUES ('44','MANAURE');
INSERT INTO `safezone_db`.`ciudad` (`DepartamentoID`, `Nombre`) VALUES ('44','SAN JUAN DEL CESAR');
INSERT INTO `safezone_db`.`ciudad` (`DepartamentoID`, `Nombre`) VALUES ('44','URIBIA');
INSERT INTO `safezone_db`.`ciudad` (`DepartamentoID`, `Nombre`) VALUES ('44','URUMITA');
INSERT INTO `safezone_db`.`ciudad` (`DepartamentoID`, `Nombre`) VALUES ('44','VILLANUEVA');
INSERT INTO `safezone_db`.`ciudad` (`DepartamentoID`, `Nombre`) VALUES ('47','SANTA MARTA');
INSERT INTO `safezone_db`.`ciudad` (`DepartamentoID`, `Nombre`) VALUES ('47','ALGARROBO');
INSERT INTO `safezone_db`.`ciudad` (`DepartamentoID`, `Nombre`) VALUES ('47','ARACATACA');
INSERT INTO `safezone_db`.`ciudad` (`DepartamentoID`, `Nombre`) VALUES ('47','ARIGUANÍ');
INSERT INTO `safezone_db`.`ciudad` (`DepartamentoID`, `Nombre`) VALUES ('47','CERRO DE SAN ANTONIO');
INSERT INTO `safezone_db`.`ciudad` (`DepartamentoID`, `Nombre`) VALUES ('47','CHIBOLO');
INSERT INTO `safezone_db`.`ciudad` (`DepartamentoID`, `Nombre`) VALUES ('47','CIÉNAGA');
INSERT INTO `safezone_db`.`ciudad` (`DepartamentoID`, `Nombre`) VALUES ('47','CONCORDIA');
INSERT INTO `safezone_db`.`ciudad` (`DepartamentoID`, `Nombre`) VALUES ('47','EL BANCO');
INSERT INTO `safezone_db`.`ciudad` (`DepartamentoID`, `Nombre`) VALUES ('47','EL PIÑÓN');
INSERT INTO `safezone_db`.`ciudad` (`DepartamentoID`, `Nombre`) VALUES ('47','EL RETÉN');
INSERT INTO `safezone_db`.`ciudad` (`DepartamentoID`, `Nombre`) VALUES ('47','FUNDACIÓN');
INSERT INTO `safezone_db`.`ciudad` (`DepartamentoID`, `Nombre`) VALUES ('47','GUAMAL');
INSERT INTO `safezone_db`.`ciudad` (`DepartamentoID`, `Nombre`) VALUES ('47','NUEVA GRANADA');
INSERT INTO `safezone_db`.`ciudad` (`DepartamentoID`, `Nombre`) VALUES ('47','PEDRAZA');
INSERT INTO `safezone_db`.`ciudad` (`DepartamentoID`, `Nombre`) VALUES ('47','PIJIÑO DEL CARMEN');
INSERT INTO `safezone_db`.`ciudad` (`DepartamentoID`, `Nombre`) VALUES ('47','PIVIJAY');
INSERT INTO `safezone_db`.`ciudad` (`DepartamentoID`, `Nombre`) VALUES ('47','PLATO');
INSERT INTO `safezone_db`.`ciudad` (`DepartamentoID`, `Nombre`) VALUES ('47','PUEBLOVIEJO');
INSERT INTO `safezone_db`.`ciudad` (`DepartamentoID`, `Nombre`) VALUES ('47','REMOLINO');
INSERT INTO `safezone_db`.`ciudad` (`DepartamentoID`, `Nombre`) VALUES ('47','SABANAS DE SAN ÁNGEL');
INSERT INTO `safezone_db`.`ciudad` (`DepartamentoID`, `Nombre`) VALUES ('47','SALAMINA');
INSERT INTO `safezone_db`.`ciudad` (`DepartamentoID`, `Nombre`) VALUES ('47','SAN SEBASTIÁN DE BUENAVISTA');
INSERT INTO `safezone_db`.`ciudad` (`DepartamentoID`, `Nombre`) VALUES ('47','SAN ZENÓN');
INSERT INTO `safezone_db`.`ciudad` (`DepartamentoID`, `Nombre`) VALUES ('47','SANTA ANA');
INSERT INTO `safezone_db`.`ciudad` (`DepartamentoID`, `Nombre`) VALUES ('47','SANTA BÁRBARA DE PINTO');
INSERT INTO `safezone_db`.`ciudad` (`DepartamentoID`, `Nombre`) VALUES ('47','SITIONUEVO');
INSERT INTO `safezone_db`.`ciudad` (`DepartamentoID`, `Nombre`) VALUES ('47','TENERIFE');
INSERT INTO `safezone_db`.`ciudad` (`DepartamentoID`, `Nombre`) VALUES ('47','ZAPAYÁN');
INSERT INTO `safezone_db`.`ciudad` (`DepartamentoID`, `Nombre`) VALUES ('47','ZONA BANANERA');
INSERT INTO `safezone_db`.`ciudad` (`DepartamentoID`, `Nombre`) VALUES ('50','VILLAVICENCIO');
INSERT INTO `safezone_db`.`ciudad` (`DepartamentoID`, `Nombre`) VALUES ('50','ACACÍAS');
INSERT INTO `safezone_db`.`ciudad` (`DepartamentoID`, `Nombre`) VALUES ('50','BARRANCA DE UPÍA');
INSERT INTO `safezone_db`.`ciudad` (`DepartamentoID`, `Nombre`) VALUES ('50','CABUYARO');
INSERT INTO `safezone_db`.`ciudad` (`DepartamentoID`, `Nombre`) VALUES ('50','CASTILLA LA NUEVA');
INSERT INTO `safezone_db`.`ciudad` (`DepartamentoID`, `Nombre`) VALUES ('50','CUBARRAL');
INSERT INTO `safezone_db`.`ciudad` (`DepartamentoID`, `Nombre`) VALUES ('50','CUMARAL');
INSERT INTO `safezone_db`.`ciudad` (`DepartamentoID`, `Nombre`) VALUES ('50','EL CALVARIO');
INSERT INTO `safezone_db`.`ciudad` (`DepartamentoID`, `Nombre`) VALUES ('50','EL CASTILLO');
INSERT INTO `safezone_db`.`ciudad` (`DepartamentoID`, `Nombre`) VALUES ('50','EL DORADO');
INSERT INTO `safezone_db`.`ciudad` (`DepartamentoID`, `Nombre`) VALUES ('50','FUENTEDEORO');
INSERT INTO `safezone_db`.`ciudad` (`DepartamentoID`, `Nombre`) VALUES ('50','GRANADA');
INSERT INTO `safezone_db`.`ciudad` (`DepartamentoID`, `Nombre`) VALUES ('50','GUAMAL');
INSERT INTO `safezone_db`.`ciudad` (`DepartamentoID`, `Nombre`) VALUES ('50','MAPIRIPÁN');
INSERT INTO `safezone_db`.`ciudad` (`DepartamentoID`, `Nombre`) VALUES ('50','MESETAS');
INSERT INTO `safezone_db`.`ciudad` (`DepartamentoID`, `Nombre`) VALUES ('50','LA MACARENA');
INSERT INTO `safezone_db`.`ciudad` (`DepartamentoID`, `Nombre`) VALUES ('50','URIBE');
INSERT INTO `safezone_db`.`ciudad` (`DepartamentoID`, `Nombre`) VALUES ('50','LEJANÍAS');
INSERT INTO `safezone_db`.`ciudad` (`DepartamentoID`, `Nombre`) VALUES ('50','PUERTO CONCORDIA');
INSERT INTO `safezone_db`.`ciudad` (`DepartamentoID`, `Nombre`) VALUES ('50','PUERTO GAITÁN');
INSERT INTO `safezone_db`.`ciudad` (`DepartamentoID`, `Nombre`) VALUES ('50','PUERTO LÓPEZ');
INSERT INTO `safezone_db`.`ciudad` (`DepartamentoID`, `Nombre`) VALUES ('50','PUERTO LLERAS');
INSERT INTO `safezone_db`.`ciudad` (`DepartamentoID`, `Nombre`) VALUES ('50','PUERTO RICO');
INSERT INTO `safezone_db`.`ciudad` (`DepartamentoID`, `Nombre`) VALUES ('50','RESTREPO');
INSERT INTO `safezone_db`.`ciudad` (`DepartamentoID`, `Nombre`) VALUES ('50','SAN CARLOS DE GUAROA');
INSERT INTO `safezone_db`.`ciudad` (`DepartamentoID`, `Nombre`) VALUES ('50','SAN JUAN DE ARAMA');
INSERT INTO `safezone_db`.`ciudad` (`DepartamentoID`, `Nombre`) VALUES ('50','SAN JUANITO');
INSERT INTO `safezone_db`.`ciudad` (`DepartamentoID`, `Nombre`) VALUES ('50','SAN MARTÍN DE LOS LLANOS');
INSERT INTO `safezone_db`.`ciudad` (`DepartamentoID`, `Nombre`) VALUES ('50','VISTAHERMOSA');
INSERT INTO `safezone_db`.`ciudad` (`DepartamentoID`, `Nombre`) VALUES ('52','PASTO');
INSERT INTO `safezone_db`.`ciudad` (`DepartamentoID`, `Nombre`) VALUES ('52','ALBÁN (SAN JOSÉ)');
INSERT INTO `safezone_db`.`ciudad` (`DepartamentoID`, `Nombre`) VALUES ('52','ALDANA');
INSERT INTO `safezone_db`.`ciudad` (`DepartamentoID`, `Nombre`) VALUES ('52','ANCUYÁ');
INSERT INTO `safezone_db`.`ciudad` (`DepartamentoID`, `Nombre`) VALUES ('52','ARBOLEDA');
INSERT INTO `safezone_db`.`ciudad` (`DepartamentoID`, `Nombre`) VALUES ('52','BARBACOAS');
INSERT INTO `safezone_db`.`ciudad` (`DepartamentoID`, `Nombre`) VALUES ('52','BELÉN');
INSERT INTO `safezone_db`.`ciudad` (`DepartamentoID`, `Nombre`) VALUES ('52','BUESACO');
INSERT INTO `safezone_db`.`ciudad` (`DepartamentoID`, `Nombre`) VALUES ('52','COLÓN (GÉNOVA)');
INSERT INTO `safezone_db`.`ciudad` (`DepartamentoID`, `Nombre`) VALUES ('52','CONSACÁ');
INSERT INTO `safezone_db`.`ciudad` (`DepartamentoID`, `Nombre`) VALUES ('52','CONTADERO');
INSERT INTO `safezone_db`.`ciudad` (`DepartamentoID`, `Nombre`) VALUES ('52','CÓRDOBA');
INSERT INTO `safezone_db`.`ciudad` (`DepartamentoID`, `Nombre`) VALUES ('52','CUASPÚD');
INSERT INTO `safezone_db`.`ciudad` (`DepartamentoID`, `Nombre`) VALUES ('52','CUMBAL');
INSERT INTO `safezone_db`.`ciudad` (`DepartamentoID`, `Nombre`) VALUES ('52','CUMBITARA');
INSERT INTO `safezone_db`.`ciudad` (`DepartamentoID`, `Nombre`) VALUES ('52','CHACHAGÜÍ');
INSERT INTO `safezone_db`.`ciudad` (`DepartamentoID`, `Nombre`) VALUES ('52','EL CHARCO');
INSERT INTO `safezone_db`.`ciudad` (`DepartamentoID`, `Nombre`) VALUES ('52','EL PEÑOL');
INSERT INTO `safezone_db`.`ciudad` (`DepartamentoID`, `Nombre`) VALUES ('52','EL ROSARIO');
INSERT INTO `safezone_db`.`ciudad` (`DepartamentoID`, `Nombre`) VALUES ('52','EL TABLÓN DE GÓMEZ');
INSERT INTO `safezone_db`.`ciudad` (`DepartamentoID`, `Nombre`) VALUES ('52','EL TAMBO');
INSERT INTO `safezone_db`.`ciudad` (`DepartamentoID`, `Nombre`) VALUES ('52','FUNES');
INSERT INTO `safezone_db`.`ciudad` (`DepartamentoID`, `Nombre`) VALUES ('52','GUACHUCAL');
INSERT INTO `safezone_db`.`ciudad` (`DepartamentoID`, `Nombre`) VALUES ('52','GUAITARILLA');
INSERT INTO `safezone_db`.`ciudad` (`DepartamentoID`, `Nombre`) VALUES ('52','GUALMATÁN');
INSERT INTO `safezone_db`.`ciudad` (`DepartamentoID`, `Nombre`) VALUES ('52','ILES');
INSERT INTO `safezone_db`.`ciudad` (`DepartamentoID`, `Nombre`) VALUES ('52','IMUÉS');
INSERT INTO `safezone_db`.`ciudad` (`DepartamentoID`, `Nombre`) VALUES ('52','IPIALES');
INSERT INTO `safezone_db`.`ciudad` (`DepartamentoID`, `Nombre`) VALUES ('52','LA CRUZ');
INSERT INTO `safezone_db`.`ciudad` (`DepartamentoID`, `Nombre`) VALUES ('52','LA FLORIDA');
INSERT INTO `safezone_db`.`ciudad` (`DepartamentoID`, `Nombre`) VALUES ('52','LA LLANADA');
INSERT INTO `safezone_db`.`ciudad` (`DepartamentoID`, `Nombre`) VALUES ('52','LA TOLA');
INSERT INTO `safezone_db`.`ciudad` (`DepartamentoID`, `Nombre`) VALUES ('52','LA UNIÓN');
INSERT INTO `safezone_db`.`ciudad` (`DepartamentoID`, `Nombre`) VALUES ('52','LEIVA');
INSERT INTO `safezone_db`.`ciudad` (`DepartamentoID`, `Nombre`) VALUES ('52','LINARES');
INSERT INTO `safezone_db`.`ciudad` (`DepartamentoID`, `Nombre`) VALUES ('52','LOS ANDES (SOTOMAYOR)');
INSERT INTO `safezone_db`.`ciudad` (`DepartamentoID`, `Nombre`) VALUES ('52','MAGÜÍ (PAYÁN)');
INSERT INTO `safezone_db`.`ciudad` (`DepartamentoID`, `Nombre`) VALUES ('52','MALLAMA (PIEDRANCHA)');
INSERT INTO `safezone_db`.`ciudad` (`DepartamentoID`, `Nombre`) VALUES ('52','MOSQUERA');
INSERT INTO `safezone_db`.`ciudad` (`DepartamentoID`, `Nombre`) VALUES ('52','NARIÑO');
INSERT INTO `safezone_db`.`ciudad` (`DepartamentoID`, `Nombre`) VALUES ('52','OLAYA HERRERA');
INSERT INTO `safezone_db`.`ciudad` (`DepartamentoID`, `Nombre`) VALUES ('52','OSPINA');
INSERT INTO `safezone_db`.`ciudad` (`DepartamentoID`, `Nombre`) VALUES ('52','FRANCISCO PIZARRO');
INSERT INTO `safezone_db`.`ciudad` (`DepartamentoID`, `Nombre`) VALUES ('52','POLICARPA');
INSERT INTO `safezone_db`.`ciudad` (`DepartamentoID`, `Nombre`) VALUES ('52','POTOSÍ');
INSERT INTO `safezone_db`.`ciudad` (`DepartamentoID`, `Nombre`) VALUES ('52','PROVIDENCIA');
INSERT INTO `safezone_db`.`ciudad` (`DepartamentoID`, `Nombre`) VALUES ('52','PUERRES');
INSERT INTO `safezone_db`.`ciudad` (`DepartamentoID`, `Nombre`) VALUES ('52','PUPIALES');
INSERT INTO `safezone_db`.`ciudad` (`DepartamentoID`, `Nombre`) VALUES ('52','RICAURTE');
INSERT INTO `safezone_db`.`ciudad` (`DepartamentoID`, `Nombre`) VALUES ('52','ROBERTO PAYÁN (SAN JOSÉ)');
INSERT INTO `safezone_db`.`ciudad` (`DepartamentoID`, `Nombre`) VALUES ('52','SAMANIEGO');
INSERT INTO `safezone_db`.`ciudad` (`DepartamentoID`, `Nombre`) VALUES ('52','SANDONÁ');
INSERT INTO `safezone_db`.`ciudad` (`DepartamentoID`, `Nombre`) VALUES ('52','SAN BERNARDO');
INSERT INTO `safezone_db`.`ciudad` (`DepartamentoID`, `Nombre`) VALUES ('52','SAN LORENZO');
INSERT INTO `safezone_db`.`ciudad` (`DepartamentoID`, `Nombre`) VALUES ('52','SAN PABLO');
INSERT INTO `safezone_db`.`ciudad` (`DepartamentoID`, `Nombre`) VALUES ('52','SAN PEDRO DE CARTAGO');
INSERT INTO `safezone_db`.`ciudad` (`DepartamentoID`, `Nombre`) VALUES ('52','SANTA BÁRBARA');
INSERT INTO `safezone_db`.`ciudad` (`DepartamentoID`, `Nombre`) VALUES ('52','SANTACRUZ');
INSERT INTO `safezone_db`.`ciudad` (`DepartamentoID`, `Nombre`) VALUES ('52','SAPUYES');
INSERT INTO `safezone_db`.`ciudad` (`DepartamentoID`, `Nombre`) VALUES ('52','TAMINANGO');
INSERT INTO `safezone_db`.`ciudad` (`DepartamentoID`, `Nombre`) VALUES ('52','TANGUA');
INSERT INTO `safezone_db`.`ciudad` (`DepartamentoID`, `Nombre`) VALUES ('52','SAN ANDRÉS DE TUMACO');
INSERT INTO `safezone_db`.`ciudad` (`DepartamentoID`, `Nombre`) VALUES ('52','TÚQUERRES');
INSERT INTO `safezone_db`.`ciudad` (`DepartamentoID`, `Nombre`) VALUES ('52','YACUANQUER');
INSERT INTO `safezone_db`.`ciudad` (`DepartamentoID`, `Nombre`) VALUES ('54','CÚCUTA');
INSERT INTO `safezone_db`.`ciudad` (`DepartamentoID`, `Nombre`) VALUES ('54','ÁBREGO');
INSERT INTO `safezone_db`.`ciudad` (`DepartamentoID`, `Nombre`) VALUES ('54','ARBOLEDAS');
INSERT INTO `safezone_db`.`ciudad` (`DepartamentoID`, `Nombre`) VALUES ('54','BOCHALEMA');
INSERT INTO `safezone_db`.`ciudad` (`DepartamentoID`, `Nombre`) VALUES ('54','BUCARASICA');
INSERT INTO `safezone_db`.`ciudad` (`DepartamentoID`, `Nombre`) VALUES ('54','CÁCOTA DE VELASCO');
INSERT INTO `safezone_db`.`ciudad` (`DepartamentoID`, `Nombre`) VALUES ('54','CÁCHIRA');
INSERT INTO `safezone_db`.`ciudad` (`DepartamentoID`, `Nombre`) VALUES ('54','CHINÁCOTA');
INSERT INTO `safezone_db`.`ciudad` (`DepartamentoID`, `Nombre`) VALUES ('54','CHITAGÁ');
INSERT INTO `safezone_db`.`ciudad` (`DepartamentoID`, `Nombre`) VALUES ('54','CONVENCIÓN');
INSERT INTO `safezone_db`.`ciudad` (`DepartamentoID`, `Nombre`) VALUES ('54','CUCUTILLA');
INSERT INTO `safezone_db`.`ciudad` (`DepartamentoID`, `Nombre`) VALUES ('54','DURANIA');
INSERT INTO `safezone_db`.`ciudad` (`DepartamentoID`, `Nombre`) VALUES ('54','EL CARMEN');
INSERT INTO `safezone_db`.`ciudad` (`DepartamentoID`, `Nombre`) VALUES ('54','EL TARRA');
INSERT INTO `safezone_db`.`ciudad` (`DepartamentoID`, `Nombre`) VALUES ('54','EL ZULIA');
INSERT INTO `safezone_db`.`ciudad` (`DepartamentoID`, `Nombre`) VALUES ('54','GRAMALOTE');
INSERT INTO `safezone_db`.`ciudad` (`DepartamentoID`, `Nombre`) VALUES ('54','HACARÍ');
INSERT INTO `safezone_db`.`ciudad` (`DepartamentoID`, `Nombre`) VALUES ('54','HERRÁN');
INSERT INTO `safezone_db`.`ciudad` (`DepartamentoID`, `Nombre`) VALUES ('54','LABATECA');
INSERT INTO `safezone_db`.`ciudad` (`DepartamentoID`, `Nombre`) VALUES ('54','LA ESPERANZA');
INSERT INTO `safezone_db`.`ciudad` (`DepartamentoID`, `Nombre`) VALUES ('54','LA PLAYA DE BELÉN');
INSERT INTO `safezone_db`.`ciudad` (`DepartamentoID`, `Nombre`) VALUES ('54','LOS PATIOS');
INSERT INTO `safezone_db`.`ciudad` (`DepartamentoID`, `Nombre`) VALUES ('54','LOURDES');
INSERT INTO `safezone_db`.`ciudad` (`DepartamentoID`, `Nombre`) VALUES ('54','MUTISCUA');
INSERT INTO `safezone_db`.`ciudad` (`DepartamentoID`, `Nombre`) VALUES ('54','OCAÑA');
INSERT INTO `safezone_db`.`ciudad` (`DepartamentoID`, `Nombre`) VALUES ('54','PAMPLONA');
INSERT INTO `safezone_db`.`ciudad` (`DepartamentoID`, `Nombre`) VALUES ('54','PAMPLONITA');
INSERT INTO `safezone_db`.`ciudad` (`DepartamentoID`, `Nombre`) VALUES ('54','PUERTO SANTANDER');
INSERT INTO `safezone_db`.`ciudad` (`DepartamentoID`, `Nombre`) VALUES ('54','RAGONVALIA');
INSERT INTO `safezone_db`.`ciudad` (`DepartamentoID`, `Nombre`) VALUES ('54','SALAZAR DE LAS PALMAS');
INSERT INTO `safezone_db`.`ciudad` (`DepartamentoID`, `Nombre`) VALUES ('54','SAN CALIXTO');
INSERT INTO `safezone_db`.`ciudad` (`DepartamentoID`, `Nombre`) VALUES ('54','SAN CAYETANO');
INSERT INTO `safezone_db`.`ciudad` (`DepartamentoID`, `Nombre`) VALUES ('54','SANTIAGO');
INSERT INTO `safezone_db`.`ciudad` (`DepartamentoID`, `Nombre`) VALUES ('54','SARDINATA');
INSERT INTO `safezone_db`.`ciudad` (`DepartamentoID`, `Nombre`) VALUES ('54','SANTO DOMINGO DE SILOS');
INSERT INTO `safezone_db`.`ciudad` (`DepartamentoID`, `Nombre`) VALUES ('54','TEORAMA');
INSERT INTO `safezone_db`.`ciudad` (`DepartamentoID`, `Nombre`) VALUES ('54','TIBÚ ');
INSERT INTO `safezone_db`.`ciudad` (`DepartamentoID`, `Nombre`) VALUES ('54','TOLEDO ');
INSERT INTO `safezone_db`.`ciudad` (`DepartamentoID`, `Nombre`) VALUES ('54','VILLA CARO ');
INSERT INTO `safezone_db`.`ciudad` (`DepartamentoID`, `Nombre`) VALUES ('54','VILLA DEL ROSARIO');
INSERT INTO `safezone_db`.`ciudad` (`DepartamentoID`, `Nombre`) VALUES ('63','ARMENIA');
INSERT INTO `safezone_db`.`ciudad` (`DepartamentoID`, `Nombre`) VALUES ('63','BUENAVISTA');
INSERT INTO `safezone_db`.`ciudad` (`DepartamentoID`, `Nombre`) VALUES ('63','CALARCÁ');
INSERT INTO `safezone_db`.`ciudad` (`DepartamentoID`, `Nombre`) VALUES ('63','CIRCASIA');
INSERT INTO `safezone_db`.`ciudad` (`DepartamentoID`, `Nombre`) VALUES ('63','CÓRDOBA');
INSERT INTO `safezone_db`.`ciudad` (`DepartamentoID`, `Nombre`) VALUES ('63','FILANDIA');
INSERT INTO `safezone_db`.`ciudad` (`DepartamentoID`, `Nombre`) VALUES ('63','GÉNOVA');
INSERT INTO `safezone_db`.`ciudad` (`DepartamentoID`, `Nombre`) VALUES ('63','LA TEBAIDA');
INSERT INTO `safezone_db`.`ciudad` (`DepartamentoID`, `Nombre`) VALUES ('63','MONTENEGRO');
INSERT INTO `safezone_db`.`ciudad` (`DepartamentoID`, `Nombre`) VALUES ('63','PIJAO');
INSERT INTO `safezone_db`.`ciudad` (`DepartamentoID`, `Nombre`) VALUES ('63','QUIMBAYA');
INSERT INTO `safezone_db`.`ciudad` (`DepartamentoID`, `Nombre`) VALUES ('63','SALENTO');
INSERT INTO `safezone_db`.`ciudad` (`DepartamentoID`, `Nombre`) VALUES ('66','PEREIRA');
INSERT INTO `safezone_db`.`ciudad` (`DepartamentoID`, `Nombre`) VALUES ('66','APÍA');
INSERT INTO `safezone_db`.`ciudad` (`DepartamentoID`, `Nombre`) VALUES ('66','BALBOA');
INSERT INTO `safezone_db`.`ciudad` (`DepartamentoID`, `Nombre`) VALUES ('66','BELÉN DE UMBRÍA');
INSERT INTO `safezone_db`.`ciudad` (`DepartamentoID`, `Nombre`) VALUES ('66','DOSQUEBRADAS');
INSERT INTO `safezone_db`.`ciudad` (`DepartamentoID`, `Nombre`) VALUES ('66','GUÁTICA');
INSERT INTO `safezone_db`.`ciudad` (`DepartamentoID`, `Nombre`) VALUES ('66','LA CELIA');
INSERT INTO `safezone_db`.`ciudad` (`DepartamentoID`, `Nombre`) VALUES ('66','LA VIRGINIA');
INSERT INTO `safezone_db`.`ciudad` (`DepartamentoID`, `Nombre`) VALUES ('66','MARSELLA');
INSERT INTO `safezone_db`.`ciudad` (`DepartamentoID`, `Nombre`) VALUES ('66','MISTRATÓ');
INSERT INTO `safezone_db`.`ciudad` (`DepartamentoID`, `Nombre`) VALUES ('66','PUEBLO RICO');
INSERT INTO `safezone_db`.`ciudad` (`DepartamentoID`, `Nombre`) VALUES ('66','QUINCHÍA');
INSERT INTO `safezone_db`.`ciudad` (`DepartamentoID`, `Nombre`) VALUES ('66','SANTA ROSA DE CABAL');
INSERT INTO `safezone_db`.`ciudad` (`DepartamentoID`, `Nombre`) VALUES ('66','SANTUARIO');
INSERT INTO `safezone_db`.`ciudad` (`DepartamentoID`, `Nombre`) VALUES ('68','BUCARAMANGA');
INSERT INTO `safezone_db`.`ciudad` (`DepartamentoID`, `Nombre`) VALUES ('68','AGUADA');
INSERT INTO `safezone_db`.`ciudad` (`DepartamentoID`, `Nombre`) VALUES ('68','ALBANIA');
INSERT INTO `safezone_db`.`ciudad` (`DepartamentoID`, `Nombre`) VALUES ('68','ARATOCA');
INSERT INTO `safezone_db`.`ciudad` (`DepartamentoID`, `Nombre`) VALUES ('68','BARBOSA');
INSERT INTO `safezone_db`.`ciudad` (`DepartamentoID`, `Nombre`) VALUES ('68','BARICHARA');
INSERT INTO `safezone_db`.`ciudad` (`DepartamentoID`, `Nombre`) VALUES ('68','BARRANCABERMEJA');
INSERT INTO `safezone_db`.`ciudad` (`DepartamentoID`, `Nombre`) VALUES ('68','BETULIA');
INSERT INTO `safezone_db`.`ciudad` (`DepartamentoID`, `Nombre`) VALUES ('68','BOLÍVAR');
INSERT INTO `safezone_db`.`ciudad` (`DepartamentoID`, `Nombre`) VALUES ('68','CABRERA');
INSERT INTO `safezone_db`.`ciudad` (`DepartamentoID`, `Nombre`) VALUES ('68','CALIFORNIA');
INSERT INTO `safezone_db`.`ciudad` (`DepartamentoID`, `Nombre`) VALUES ('68','CAPITANEJO');
INSERT INTO `safezone_db`.`ciudad` (`DepartamentoID`, `Nombre`) VALUES ('68','CARCASÍ');
INSERT INTO `safezone_db`.`ciudad` (`DepartamentoID`, `Nombre`) VALUES ('68','CEPITÁ');
INSERT INTO `safezone_db`.`ciudad` (`DepartamentoID`, `Nombre`) VALUES ('68','CERRITO');
INSERT INTO `safezone_db`.`ciudad` (`DepartamentoID`, `Nombre`) VALUES ('68','CHARALÁ');
INSERT INTO `safezone_db`.`ciudad` (`DepartamentoID`, `Nombre`) VALUES ('68','CHARTA');
INSERT INTO `safezone_db`.`ciudad` (`DepartamentoID`, `Nombre`) VALUES ('68','CHIMA');
INSERT INTO `safezone_db`.`ciudad` (`DepartamentoID`, `Nombre`) VALUES ('68','CHIPATÁ');
INSERT INTO `safezone_db`.`ciudad` (`DepartamentoID`, `Nombre`) VALUES ('68','CIMITARRA');
INSERT INTO `safezone_db`.`ciudad` (`DepartamentoID`, `Nombre`) VALUES ('68','CONCEPCIÓN');
INSERT INTO `safezone_db`.`ciudad` (`DepartamentoID`, `Nombre`) VALUES ('68','CONFINES');
INSERT INTO `safezone_db`.`ciudad` (`DepartamentoID`, `Nombre`) VALUES ('68','CONTRATACIÓN');
INSERT INTO `safezone_db`.`ciudad` (`DepartamentoID`, `Nombre`) VALUES ('68','COROMORO');
INSERT INTO `safezone_db`.`ciudad` (`DepartamentoID`, `Nombre`) VALUES ('68','CURITÍ');
INSERT INTO `safezone_db`.`ciudad` (`DepartamentoID`, `Nombre`) VALUES ('68','EL CARMEN DE CHUCURÍ');
INSERT INTO `safezone_db`.`ciudad` (`DepartamentoID`, `Nombre`) VALUES ('68','EL GUACAMAYO');
INSERT INTO `safezone_db`.`ciudad` (`DepartamentoID`, `Nombre`) VALUES ('68','EL PEÑÓN');
INSERT INTO `safezone_db`.`ciudad` (`DepartamentoID`, `Nombre`) VALUES ('68','EL PLAYÓN');
INSERT INTO `safezone_db`.`ciudad` (`DepartamentoID`, `Nombre`) VALUES ('68','ENCINO');
INSERT INTO `safezone_db`.`ciudad` (`DepartamentoID`, `Nombre`) VALUES ('68','ENCISO');
INSERT INTO `safezone_db`.`ciudad` (`DepartamentoID`, `Nombre`) VALUES ('68','FLORIÁN');
INSERT INTO `safezone_db`.`ciudad` (`DepartamentoID`, `Nombre`) VALUES ('68','FLORIDABLANCA');
INSERT INTO `safezone_db`.`ciudad` (`DepartamentoID`, `Nombre`) VALUES ('68','GALÁN');
INSERT INTO `safezone_db`.`ciudad` (`DepartamentoID`, `Nombre`) VALUES ('68','GÁMBITA');
INSERT INTO `safezone_db`.`ciudad` (`DepartamentoID`, `Nombre`) VALUES ('68','GIRÓN');
INSERT INTO `safezone_db`.`ciudad` (`DepartamentoID`, `Nombre`) VALUES ('68','GUACA');
INSERT INTO `safezone_db`.`ciudad` (`DepartamentoID`, `Nombre`) VALUES ('68','GUADALUPE');
INSERT INTO `safezone_db`.`ciudad` (`DepartamentoID`, `Nombre`) VALUES ('68','GUAPOTÁ');
INSERT INTO `safezone_db`.`ciudad` (`DepartamentoID`, `Nombre`) VALUES ('68','GUAVATÁ');
INSERT INTO `safezone_db`.`ciudad` (`DepartamentoID`, `Nombre`) VALUES ('68','GÜEPSA');
INSERT INTO `safezone_db`.`ciudad` (`DepartamentoID`, `Nombre`) VALUES ('68','HATO');
INSERT INTO `safezone_db`.`ciudad` (`DepartamentoID`, `Nombre`) VALUES ('68','JESÚS MARÍA');
INSERT INTO `safezone_db`.`ciudad` (`DepartamentoID`, `Nombre`) VALUES ('68','JORDÁN');
INSERT INTO `safezone_db`.`ciudad` (`DepartamentoID`, `Nombre`) VALUES ('68','LA BELLEZA');
INSERT INTO `safezone_db`.`ciudad` (`DepartamentoID`, `Nombre`) VALUES ('68','LANDÁZURI');
INSERT INTO `safezone_db`.`ciudad` (`DepartamentoID`, `Nombre`) VALUES ('68','LA PAZ');
INSERT INTO `safezone_db`.`ciudad` (`DepartamentoID`, `Nombre`) VALUES ('68','LEBRIJA');
INSERT INTO `safezone_db`.`ciudad` (`DepartamentoID`, `Nombre`) VALUES ('68','LOS SANTOS');
INSERT INTO `safezone_db`.`ciudad` (`DepartamentoID`, `Nombre`) VALUES ('68','MACARAVITA');
INSERT INTO `safezone_db`.`ciudad` (`DepartamentoID`, `Nombre`) VALUES ('68','MÁLAGA');
INSERT INTO `safezone_db`.`ciudad` (`DepartamentoID`, `Nombre`) VALUES ('68','MATANZA');
INSERT INTO `safezone_db`.`ciudad` (`DepartamentoID`, `Nombre`) VALUES ('68','MOGOTES');
INSERT INTO `safezone_db`.`ciudad` (`DepartamentoID`, `Nombre`) VALUES ('68','MOLAGAVITA');
INSERT INTO `safezone_db`.`ciudad` (`DepartamentoID`, `Nombre`) VALUES ('68','OCAMONTE');
INSERT INTO `safezone_db`.`ciudad` (`DepartamentoID`, `Nombre`) VALUES ('68','OIBA');
INSERT INTO `safezone_db`.`ciudad` (`DepartamentoID`, `Nombre`) VALUES ('68','ONZAGA');
INSERT INTO `safezone_db`.`ciudad` (`DepartamentoID`, `Nombre`) VALUES ('68','PALMAR');
INSERT INTO `safezone_db`.`ciudad` (`DepartamentoID`, `Nombre`) VALUES ('68','PALMAS DEL SOCORRO');
INSERT INTO `safezone_db`.`ciudad` (`DepartamentoID`, `Nombre`) VALUES ('68','PÁRAMO');
INSERT INTO `safezone_db`.`ciudad` (`DepartamentoID`, `Nombre`) VALUES ('68','PIEDECUESTA');
INSERT INTO `safezone_db`.`ciudad` (`DepartamentoID`, `Nombre`) VALUES ('68','PINCHOTE');
INSERT INTO `safezone_db`.`ciudad` (`DepartamentoID`, `Nombre`) VALUES ('68','PUENTE NACIONAL');
INSERT INTO `safezone_db`.`ciudad` (`DepartamentoID`, `Nombre`) VALUES ('68','PUERTO PARRA ');
INSERT INTO `safezone_db`.`ciudad` (`DepartamentoID`, `Nombre`) VALUES ('68','PUERTO WILCHES');
INSERT INTO `safezone_db`.`ciudad` (`DepartamentoID`, `Nombre`) VALUES ('68','RIONEGRO');
INSERT INTO `safezone_db`.`ciudad` (`DepartamentoID`, `Nombre`) VALUES ('68','SABANA DE TORRES');
INSERT INTO `safezone_db`.`ciudad` (`DepartamentoID`, `Nombre`) VALUES ('68','SAN ANDRÉS');
INSERT INTO `safezone_db`.`ciudad` (`DepartamentoID`, `Nombre`) VALUES ('68','SAN BENITO');
INSERT INTO `safezone_db`.`ciudad` (`DepartamentoID`, `Nombre`) VALUES ('68','SAN GIL');
INSERT INTO `safezone_db`.`ciudad` (`DepartamentoID`, `Nombre`) VALUES ('68','SAN JOAQUÍN');
INSERT INTO `safezone_db`.`ciudad` (`DepartamentoID`, `Nombre`) VALUES ('68','SAN JOSÉ DE MIRANDA');
INSERT INTO `safezone_db`.`ciudad` (`DepartamentoID`, `Nombre`) VALUES ('68','SAN MIGUEL');
INSERT INTO `safezone_db`.`ciudad` (`DepartamentoID`, `Nombre`) VALUES ('68','SAN VICENTE DE CHUCURÍ');
INSERT INTO `safezone_db`.`ciudad` (`DepartamentoID`, `Nombre`) VALUES ('68','SANTA BÁRBARA');
INSERT INTO `safezone_db`.`ciudad` (`DepartamentoID`, `Nombre`) VALUES ('68','SANTA HELENA DEL OPÓN');
INSERT INTO `safezone_db`.`ciudad` (`DepartamentoID`, `Nombre`) VALUES ('68','SIMACOTA');
INSERT INTO `safezone_db`.`ciudad` (`DepartamentoID`, `Nombre`) VALUES ('68','SOCORRO');
INSERT INTO `safezone_db`.`ciudad` (`DepartamentoID`, `Nombre`) VALUES ('68','SUAITA');
INSERT INTO `safezone_db`.`ciudad` (`DepartamentoID`, `Nombre`) VALUES ('68','SUCRE');
INSERT INTO `safezone_db`.`ciudad` (`DepartamentoID`, `Nombre`) VALUES ('68','SURATÁ');
INSERT INTO `safezone_db`.`ciudad` (`DepartamentoID`, `Nombre`) VALUES ('68','TONA');
INSERT INTO `safezone_db`.`ciudad` (`DepartamentoID`, `Nombre`) VALUES ('68','VALLE DE SAN JOSÉ');
INSERT INTO `safezone_db`.`ciudad` (`DepartamentoID`, `Nombre`) VALUES ('68','VÉLEZ');
INSERT INTO `safezone_db`.`ciudad` (`DepartamentoID`, `Nombre`) VALUES ('68','VETAS');
INSERT INTO `safezone_db`.`ciudad` (`DepartamentoID`, `Nombre`) VALUES ('68','VILLANUEVA');
INSERT INTO `safezone_db`.`ciudad` (`DepartamentoID`, `Nombre`) VALUES ('68','ZAPATOCA');
INSERT INTO `safezone_db`.`ciudad` (`DepartamentoID`, `Nombre`) VALUES ('70','SINCELEJO');
INSERT INTO `safezone_db`.`ciudad` (`DepartamentoID`, `Nombre`) VALUES ('70','BUENAVISTA');
INSERT INTO `safezone_db`.`ciudad` (`DepartamentoID`, `Nombre`) VALUES ('70','CAIMITO');
INSERT INTO `safezone_db`.`ciudad` (`DepartamentoID`, `Nombre`) VALUES ('70','COLOSÓ');
INSERT INTO `safezone_db`.`ciudad` (`DepartamentoID`, `Nombre`) VALUES ('70','COROZAL');
INSERT INTO `safezone_db`.`ciudad` (`DepartamentoID`, `Nombre`) VALUES ('70','COVEÑAS');
INSERT INTO `safezone_db`.`ciudad` (`DepartamentoID`, `Nombre`) VALUES ('70','CHALÁN');
INSERT INTO `safezone_db`.`ciudad` (`DepartamentoID`, `Nombre`) VALUES ('70','EL ROBLE');
INSERT INTO `safezone_db`.`ciudad` (`DepartamentoID`, `Nombre`) VALUES ('70','GALERAS');
INSERT INTO `safezone_db`.`ciudad` (`DepartamentoID`, `Nombre`) VALUES ('70','GUARANDA');
INSERT INTO `safezone_db`.`ciudad` (`DepartamentoID`, `Nombre`) VALUES ('70','LA UNIÓN');
INSERT INTO `safezone_db`.`ciudad` (`DepartamentoID`, `Nombre`) VALUES ('70','LOS PALMITOS');
INSERT INTO `safezone_db`.`ciudad` (`DepartamentoID`, `Nombre`) VALUES ('70','MAJAGUAL');
INSERT INTO `safezone_db`.`ciudad` (`DepartamentoID`, `Nombre`) VALUES ('70','MORROA');
INSERT INTO `safezone_db`.`ciudad` (`DepartamentoID`, `Nombre`) VALUES ('70','OVEJAS');
INSERT INTO `safezone_db`.`ciudad` (`DepartamentoID`, `Nombre`) VALUES ('70','PALMITO');
INSERT INTO `safezone_db`.`ciudad` (`DepartamentoID`, `Nombre`) VALUES ('70','SAMPUÉS');
INSERT INTO `safezone_db`.`ciudad` (`DepartamentoID`, `Nombre`) VALUES ('70','SAN BENITO ABAD');
INSERT INTO `safezone_db`.`ciudad` (`DepartamentoID`, `Nombre`) VALUES ('70','SAN JUAN DE BETULIA');
INSERT INTO `safezone_db`.`ciudad` (`DepartamentoID`, `Nombre`) VALUES ('70','SAN MARCOS');
INSERT INTO `safezone_db`.`ciudad` (`DepartamentoID`, `Nombre`) VALUES ('70','SAN ONOFRE');
INSERT INTO `safezone_db`.`ciudad` (`DepartamentoID`, `Nombre`) VALUES ('70','SAN PEDRO');
INSERT INTO `safezone_db`.`ciudad` (`DepartamentoID`, `Nombre`) VALUES ('70','SAN LUIS DE SINCÉ');
INSERT INTO `safezone_db`.`ciudad` (`DepartamentoID`, `Nombre`) VALUES ('70','SUCRE');
INSERT INTO `safezone_db`.`ciudad` (`DepartamentoID`, `Nombre`) VALUES ('70','SANTIAGO DE TOLÚ');
INSERT INTO `safezone_db`.`ciudad` (`DepartamentoID`, `Nombre`) VALUES ('70','TOLÚ VIEJO');
INSERT INTO `safezone_db`.`ciudad` (`DepartamentoID`, `Nombre`) VALUES ('73','IBAGUÉ');
INSERT INTO `safezone_db`.`ciudad` (`DepartamentoID`, `Nombre`) VALUES ('73','ALPUJARRA');
INSERT INTO `safezone_db`.`ciudad` (`DepartamentoID`, `Nombre`) VALUES ('73','ALVARADO');
INSERT INTO `safezone_db`.`ciudad` (`DepartamentoID`, `Nombre`) VALUES ('73','AMBALEMA');
INSERT INTO `safezone_db`.`ciudad` (`DepartamentoID`, `Nombre`) VALUES ('73','ANZOÁTEGUI');
INSERT INTO `safezone_db`.`ciudad` (`DepartamentoID`, `Nombre`) VALUES ('73','ARMERO (GUAYABAL)');
INSERT INTO `safezone_db`.`ciudad` (`DepartamentoID`, `Nombre`) VALUES ('73','ATACO');
INSERT INTO `safezone_db`.`ciudad` (`DepartamentoID`, `Nombre`) VALUES ('73','CAJAMARCA');
INSERT INTO `safezone_db`.`ciudad` (`DepartamentoID`, `Nombre`) VALUES ('73','CARMEN DE APICALÁ');
INSERT INTO `safezone_db`.`ciudad` (`DepartamentoID`, `Nombre`) VALUES ('73','CASABIANCA');
INSERT INTO `safezone_db`.`ciudad` (`DepartamentoID`, `Nombre`) VALUES ('73','CHAPARRAL');
INSERT INTO `safezone_db`.`ciudad` (`DepartamentoID`, `Nombre`) VALUES ('73','COELLO');
INSERT INTO `safezone_db`.`ciudad` (`DepartamentoID`, `Nombre`) VALUES ('73','COYAIMA');
INSERT INTO `safezone_db`.`ciudad` (`DepartamentoID`, `Nombre`) VALUES ('73','CUNDAY');
INSERT INTO `safezone_db`.`ciudad` (`DepartamentoID`, `Nombre`) VALUES ('73','DOLORES');
INSERT INTO `safezone_db`.`ciudad` (`DepartamentoID`, `Nombre`) VALUES ('73','ESPINAL');
INSERT INTO `safezone_db`.`ciudad` (`DepartamentoID`, `Nombre`) VALUES ('73','FALAN');
INSERT INTO `safezone_db`.`ciudad` (`DepartamentoID`, `Nombre`) VALUES ('73','FLANDES');
INSERT INTO `safezone_db`.`ciudad` (`DepartamentoID`, `Nombre`) VALUES ('73','FRESNO');
INSERT INTO `safezone_db`.`ciudad` (`DepartamentoID`, `Nombre`) VALUES ('73','GUAMO');
INSERT INTO `safezone_db`.`ciudad` (`DepartamentoID`, `Nombre`) VALUES ('73','HERVEO');
INSERT INTO `safezone_db`.`ciudad` (`DepartamentoID`, `Nombre`) VALUES ('73','HONDA');
INSERT INTO `safezone_db`.`ciudad` (`DepartamentoID`, `Nombre`) VALUES ('73','ICONONZO');
INSERT INTO `safezone_db`.`ciudad` (`DepartamentoID`, `Nombre`) VALUES ('73','LÉRIDA');
INSERT INTO `safezone_db`.`ciudad` (`DepartamentoID`, `Nombre`) VALUES ('73','LÍBANO');
INSERT INTO `safezone_db`.`ciudad` (`DepartamentoID`, `Nombre`) VALUES ('73','SAN SEBASTIÁN DE MARIQUITA');
INSERT INTO `safezone_db`.`ciudad` (`DepartamentoID`, `Nombre`) VALUES ('73','MELGAR');
INSERT INTO `safezone_db`.`ciudad` (`DepartamentoID`, `Nombre`) VALUES ('73','MURILLO');
INSERT INTO `safezone_db`.`ciudad` (`DepartamentoID`, `Nombre`) VALUES ('73','NATAGAIMA');
INSERT INTO `safezone_db`.`ciudad` (`DepartamentoID`, `Nombre`) VALUES ('73','ORTEGA');
INSERT INTO `safezone_db`.`ciudad` (`DepartamentoID`, `Nombre`) VALUES ('73','PALOCABILDO');
INSERT INTO `safezone_db`.`ciudad` (`DepartamentoID`, `Nombre`) VALUES ('73','PIEDRAS');
INSERT INTO `safezone_db`.`ciudad` (`DepartamentoID`, `Nombre`) VALUES ('73','PLANADAS');
INSERT INTO `safezone_db`.`ciudad` (`DepartamentoID`, `Nombre`) VALUES ('73','PRADO');
INSERT INTO `safezone_db`.`ciudad` (`DepartamentoID`, `Nombre`) VALUES ('73','PURIFICACIÓN');
INSERT INTO `safezone_db`.`ciudad` (`DepartamentoID`, `Nombre`) VALUES ('73','RIOBLANCO');
INSERT INTO `safezone_db`.`ciudad` (`DepartamentoID`, `Nombre`) VALUES ('73','RONCESVALLES');
INSERT INTO `safezone_db`.`ciudad` (`DepartamentoID`, `Nombre`) VALUES ('73','ROVIRA');
INSERT INTO `safezone_db`.`ciudad` (`DepartamentoID`, `Nombre`) VALUES ('73','SALDAÑA');
INSERT INTO `safezone_db`.`ciudad` (`DepartamentoID`, `Nombre`) VALUES ('73','SAN ANTONIO');
INSERT INTO `safezone_db`.`ciudad` (`DepartamentoID`, `Nombre`) VALUES ('73','SAN LUIS');
INSERT INTO `safezone_db`.`ciudad` (`DepartamentoID`, `Nombre`) VALUES ('73','SANTA ISABEL');
INSERT INTO `safezone_db`.`ciudad` (`DepartamentoID`, `Nombre`) VALUES ('73','SUÁREZ');
INSERT INTO `safezone_db`.`ciudad` (`DepartamentoID`, `Nombre`) VALUES ('73','VALLE DE SAN JUAN');
INSERT INTO `safezone_db`.`ciudad` (`DepartamentoID`, `Nombre`) VALUES ('73','VENADILLO');
INSERT INTO `safezone_db`.`ciudad` (`DepartamentoID`, `Nombre`) VALUES ('73','VILLAHERMOSA');
INSERT INTO `safezone_db`.`ciudad` (`DepartamentoID`, `Nombre`) VALUES ('73','VILLARRICA');
INSERT INTO `safezone_db`.`ciudad` (`DepartamentoID`, `Nombre`) VALUES ('76','CALI');
INSERT INTO `safezone_db`.`ciudad` (`DepartamentoID`, `Nombre`) VALUES ('76','ALCALÁ');
INSERT INTO `safezone_db`.`ciudad` (`DepartamentoID`, `Nombre`) VALUES ('76','ANDALUCÍA');
INSERT INTO `safezone_db`.`ciudad` (`DepartamentoID`, `Nombre`) VALUES ('76','ANSERMANUEVO');
INSERT INTO `safezone_db`.`ciudad` (`DepartamentoID`, `Nombre`) VALUES ('76','ARGELIA ');
INSERT INTO `safezone_db`.`ciudad` (`DepartamentoID`, `Nombre`) VALUES ('76','BOLÍVAR');
INSERT INTO `safezone_db`.`ciudad` (`DepartamentoID`, `Nombre`) VALUES ('76','BUENAVENTURA');
INSERT INTO `safezone_db`.`ciudad` (`DepartamentoID`, `Nombre`) VALUES ('76','GUADALAJARA DE BUGA');
INSERT INTO `safezone_db`.`ciudad` (`DepartamentoID`, `Nombre`) VALUES ('76','BUGALAGRANDE');
INSERT INTO `safezone_db`.`ciudad` (`DepartamentoID`, `Nombre`) VALUES ('76','CAICEDONIA');
INSERT INTO `safezone_db`.`ciudad` (`DepartamentoID`, `Nombre`) VALUES ('76','CALIMA (DARIEN)');
INSERT INTO `safezone_db`.`ciudad` (`DepartamentoID`, `Nombre`) VALUES ('76','CANDELARIA');
INSERT INTO `safezone_db`.`ciudad` (`DepartamentoID`, `Nombre`) VALUES ('76','CARTAGO');
INSERT INTO `safezone_db`.`ciudad` (`DepartamentoID`, `Nombre`) VALUES ('76','DAGUA');
INSERT INTO `safezone_db`.`ciudad` (`DepartamentoID`, `Nombre`) VALUES ('76','EL ÁGUILA');
INSERT INTO `safezone_db`.`ciudad` (`DepartamentoID`, `Nombre`) VALUES ('76','EL CAIRO');
INSERT INTO `safezone_db`.`ciudad` (`DepartamentoID`, `Nombre`) VALUES ('76','EL CERRITO');
INSERT INTO `safezone_db`.`ciudad` (`DepartamentoID`, `Nombre`) VALUES ('76','EL DOVIO');
INSERT INTO `safezone_db`.`ciudad` (`DepartamentoID`, `Nombre`) VALUES ('76','FLORIDA');
INSERT INTO `safezone_db`.`ciudad` (`DepartamentoID`, `Nombre`) VALUES ('76','GINEBRA');
INSERT INTO `safezone_db`.`ciudad` (`DepartamentoID`, `Nombre`) VALUES ('76','GUACARÍ');
INSERT INTO `safezone_db`.`ciudad` (`DepartamentoID`, `Nombre`) VALUES ('76','JAMUNDÍ');
INSERT INTO `safezone_db`.`ciudad` (`DepartamentoID`, `Nombre`) VALUES ('76','LA CUMBRE');
INSERT INTO `safezone_db`.`ciudad` (`DepartamentoID`, `Nombre`) VALUES ('76','LA UNIÓN');
INSERT INTO `safezone_db`.`ciudad` (`DepartamentoID`, `Nombre`) VALUES ('76','LA VICTORIA');
INSERT INTO `safezone_db`.`ciudad` (`DepartamentoID`, `Nombre`) VALUES ('76','OBANDO');
INSERT INTO `safezone_db`.`ciudad` (`DepartamentoID`, `Nombre`) VALUES ('76','PALMIRA');
INSERT INTO `safezone_db`.`ciudad` (`DepartamentoID`, `Nombre`) VALUES ('76','PRADERA');
INSERT INTO `safezone_db`.`ciudad` (`DepartamentoID`, `Nombre`) VALUES ('76','RESTREPO');
INSERT INTO `safezone_db`.`ciudad` (`DepartamentoID`, `Nombre`) VALUES ('76','RIOFRÍO');
INSERT INTO `safezone_db`.`ciudad` (`DepartamentoID`, `Nombre`) VALUES ('76','ROLDANILLO');
INSERT INTO `safezone_db`.`ciudad` (`DepartamentoID`, `Nombre`) VALUES ('76','SAN PEDRO');
INSERT INTO `safezone_db`.`ciudad` (`DepartamentoID`, `Nombre`) VALUES ('76','SEVILLA');
INSERT INTO `safezone_db`.`ciudad` (`DepartamentoID`, `Nombre`) VALUES ('76','TORO');
INSERT INTO `safezone_db`.`ciudad` (`DepartamentoID`, `Nombre`) VALUES ('76','TRUJILLO');
INSERT INTO `safezone_db`.`ciudad` (`DepartamentoID`, `Nombre`) VALUES ('76','TULUÁ');
INSERT INTO `safezone_db`.`ciudad` (`DepartamentoID`, `Nombre`) VALUES ('76','ULLOA');
INSERT INTO `safezone_db`.`ciudad` (`DepartamentoID`, `Nombre`) VALUES ('76','VERSALLES');
INSERT INTO `safezone_db`.`ciudad` (`DepartamentoID`, `Nombre`) VALUES ('76','VIJES');
INSERT INTO `safezone_db`.`ciudad` (`DepartamentoID`, `Nombre`) VALUES ('76','YOTOCO');
INSERT INTO `safezone_db`.`ciudad` (`DepartamentoID`, `Nombre`) VALUES ('76','YUMBO');
INSERT INTO `safezone_db`.`ciudad` (`DepartamentoID`, `Nombre`) VALUES ('76','ZARZAL');
INSERT INTO `safezone_db`.`ciudad` (`DepartamentoID`, `Nombre`) VALUES ('81','ARAUCA');
INSERT INTO `safezone_db`.`ciudad` (`DepartamentoID`, `Nombre`) VALUES ('81','ARAUQUITA');
INSERT INTO `safezone_db`.`ciudad` (`DepartamentoID`, `Nombre`) VALUES ('81','CRAVO NORTE');
INSERT INTO `safezone_db`.`ciudad` (`DepartamentoID`, `Nombre`) VALUES ('81','FORTUL');
INSERT INTO `safezone_db`.`ciudad` (`DepartamentoID`, `Nombre`) VALUES ('81','PUERTO RONDÓN');
INSERT INTO `safezone_db`.`ciudad` (`DepartamentoID`, `Nombre`) VALUES ('81','SARAVENA');
INSERT INTO `safezone_db`.`ciudad` (`DepartamentoID`, `Nombre`) VALUES ('81','TAME');
INSERT INTO `safezone_db`.`ciudad` (`DepartamentoID`, `Nombre`) VALUES ('85','YOPAL');
INSERT INTO `safezone_db`.`ciudad` (`DepartamentoID`, `Nombre`) VALUES ('85','AGUAZUL');
INSERT INTO `safezone_db`.`ciudad` (`DepartamentoID`, `Nombre`) VALUES ('85','CHÁMEZA');
INSERT INTO `safezone_db`.`ciudad` (`DepartamentoID`, `Nombre`) VALUES ('85','HATO COROZAL');
INSERT INTO `safezone_db`.`ciudad` (`DepartamentoID`, `Nombre`) VALUES ('85','LA SALINA');
INSERT INTO `safezone_db`.`ciudad` (`DepartamentoID`, `Nombre`) VALUES ('85','MANÍ');
INSERT INTO `safezone_db`.`ciudad` (`DepartamentoID`, `Nombre`) VALUES ('85','MONTERREY');
INSERT INTO `safezone_db`.`ciudad` (`DepartamentoID`, `Nombre`) VALUES ('85','NUNCHÍA');
INSERT INTO `safezone_db`.`ciudad` (`DepartamentoID`, `Nombre`) VALUES ('85','OROCUÉ');
INSERT INTO `safezone_db`.`ciudad` (`DepartamentoID`, `Nombre`) VALUES ('85','PAZ DE ARIPORO');
INSERT INTO `safezone_db`.`ciudad` (`DepartamentoID`, `Nombre`) VALUES ('85','PORE');
INSERT INTO `safezone_db`.`ciudad` (`DepartamentoID`, `Nombre`) VALUES ('85','RECETOR');
INSERT INTO `safezone_db`.`ciudad` (`DepartamentoID`, `Nombre`) VALUES ('85','SABANALARGA');
INSERT INTO `safezone_db`.`ciudad` (`DepartamentoID`, `Nombre`) VALUES ('85','SÁCAMA');
INSERT INTO `safezone_db`.`ciudad` (`DepartamentoID`, `Nombre`) VALUES ('85','SAN LUIS DE PALENQUE');
INSERT INTO `safezone_db`.`ciudad` (`DepartamentoID`, `Nombre`) VALUES ('85','TÁMARA');
INSERT INTO `safezone_db`.`ciudad` (`DepartamentoID`, `Nombre`) VALUES ('85','TAURAMENA');
INSERT INTO `safezone_db`.`ciudad` (`DepartamentoID`, `Nombre`) VALUES ('85','TRINIDAD');
INSERT INTO `safezone_db`.`ciudad` (`DepartamentoID`, `Nombre`) VALUES ('85','VILLANUEVA');
INSERT INTO `safezone_db`.`ciudad` (`DepartamentoID`, `Nombre`) VALUES ('86','MOCOA');
INSERT INTO `safezone_db`.`ciudad` (`DepartamentoID`, `Nombre`) VALUES ('86','COLÓN');
INSERT INTO `safezone_db`.`ciudad` (`DepartamentoID`, `Nombre`) VALUES ('86','ORITO');
INSERT INTO `safezone_db`.`ciudad` (`DepartamentoID`, `Nombre`) VALUES ('86','PUERTO ASÍS');
INSERT INTO `safezone_db`.`ciudad` (`DepartamentoID`, `Nombre`) VALUES ('86','PUERTO CAICEDO');
INSERT INTO `safezone_db`.`ciudad` (`DepartamentoID`, `Nombre`) VALUES ('86','PUERTO GUZMÁN');
INSERT INTO `safezone_db`.`ciudad` (`DepartamentoID`, `Nombre`) VALUES ('86','PUERTO LEGUÍZAMO');
INSERT INTO `safezone_db`.`ciudad` (`DepartamentoID`, `Nombre`) VALUES ('86','SIBUNDOY');
INSERT INTO `safezone_db`.`ciudad` (`DepartamentoID`, `Nombre`) VALUES ('86','SAN FRANCISCO');
INSERT INTO `safezone_db`.`ciudad` (`DepartamentoID`, `Nombre`) VALUES ('86','SAN MIGUEL');
INSERT INTO `safezone_db`.`ciudad` (`DepartamentoID`, `Nombre`) VALUES ('86','SANTIAGO');
INSERT INTO `safezone_db`.`ciudad` (`DepartamentoID`, `Nombre`) VALUES ('86','VALLE DEL GUAMUEZ');
INSERT INTO `safezone_db`.`ciudad` (`DepartamentoID`, `Nombre`) VALUES ('86','VILLAGARZÓN');
INSERT INTO `safezone_db`.`ciudad` (`DepartamentoID`, `Nombre`) VALUES ('88','SAN ANDRÉS');
INSERT INTO `safezone_db`.`ciudad` (`DepartamentoID`, `Nombre`) VALUES ('88','PROVIDENCIA');
INSERT INTO `safezone_db`.`ciudad` (`DepartamentoID`, `Nombre`) VALUES ('91','LETICIA');
INSERT INTO `safezone_db`.`ciudad` (`DepartamentoID`, `Nombre`) VALUES ('91','EL ENCANTO');
INSERT INTO `safezone_db`.`ciudad` (`DepartamentoID`, `Nombre`) VALUES ('91','LA CHORRERA');
INSERT INTO `safezone_db`.`ciudad` (`DepartamentoID`, `Nombre`) VALUES ('91','LA PEDRERA');
INSERT INTO `safezone_db`.`ciudad` (`DepartamentoID`, `Nombre`) VALUES ('91','LA VICTORIA');
INSERT INTO `safezone_db`.`ciudad` (`DepartamentoID`, `Nombre`) VALUES ('91','MIRITÍ – PARANÁ');
INSERT INTO `safezone_db`.`ciudad` (`DepartamentoID`, `Nombre`) VALUES ('91','PUERTO ALEGRÍA');
INSERT INTO `safezone_db`.`ciudad` (`DepartamentoID`, `Nombre`) VALUES ('91','PUERTO ARICA');
INSERT INTO `safezone_db`.`ciudad` (`DepartamentoID`, `Nombre`) VALUES ('91','PUERTO NARIÑO');
INSERT INTO `safezone_db`.`ciudad` (`DepartamentoID`, `Nombre`) VALUES ('91','PUERTO SANTANDER');
INSERT INTO `safezone_db`.`ciudad` (`DepartamentoID`, `Nombre`) VALUES ('91','TARAPACÁ');
INSERT INTO `safezone_db`.`ciudad` (`DepartamentoID`, `Nombre`) VALUES ('94','INÍRIDA');
INSERT INTO `safezone_db`.`ciudad` (`DepartamentoID`, `Nombre`) VALUES ('94','BARRANCOMINAS');
INSERT INTO `safezone_db`.`ciudad` (`DepartamentoID`, `Nombre`) VALUES ('94','MAPIRIPANA');
INSERT INTO `safezone_db`.`ciudad` (`DepartamentoID`, `Nombre`) VALUES ('94','SAN FELIPE');
INSERT INTO `safezone_db`.`ciudad` (`DepartamentoID`, `Nombre`) VALUES ('94','PUERTO COLOMBIA');
INSERT INTO `safezone_db`.`ciudad` (`DepartamentoID`, `Nombre`) VALUES ('94','LA GUADALUPE');
INSERT INTO `safezone_db`.`ciudad` (`DepartamentoID`, `Nombre`) VALUES ('94','CACAHUAL');
INSERT INTO `safezone_db`.`ciudad` (`DepartamentoID`, `Nombre`) VALUES ('94','PANA PANA');
INSERT INTO `safezone_db`.`ciudad` (`DepartamentoID`, `Nombre`) VALUES ('94','MORICHAL NUEVO');
INSERT INTO `safezone_db`.`ciudad` (`DepartamentoID`, `Nombre`) VALUES ('95','SAN JOSÉ DEL GUAVIARE');
INSERT INTO `safezone_db`.`ciudad` (`DepartamentoID`, `Nombre`) VALUES ('95','CALAMAR');
INSERT INTO `safezone_db`.`ciudad` (`DepartamentoID`, `Nombre`) VALUES ('95','EL RETORNO');
INSERT INTO `safezone_db`.`ciudad` (`DepartamentoID`, `Nombre`) VALUES ('95','MIRAFLORES');
INSERT INTO `safezone_db`.`ciudad` (`DepartamentoID`, `Nombre`) VALUES ('97','MITÚ');
INSERT INTO `safezone_db`.`ciudad` (`DepartamentoID`, `Nombre`) VALUES ('97','CARURÚ');
INSERT INTO `safezone_db`.`ciudad` (`DepartamentoID`, `Nombre`) VALUES ('97','PACOA');
INSERT INTO `safezone_db`.`ciudad` (`DepartamentoID`, `Nombre`) VALUES ('97','TARAIRA');
INSERT INTO `safezone_db`.`ciudad` (`DepartamentoID`, `Nombre`) VALUES ('97','PAPUNAHUA');
INSERT INTO `safezone_db`.`ciudad` (`DepartamentoID`, `Nombre`) VALUES ('97','YAVARATÉ');
INSERT INTO `safezone_db`.`ciudad` (`DepartamentoID`, `Nombre`) VALUES ('99','PUERTO CARREÑO');
INSERT INTO `safezone_db`.`ciudad` (`DepartamentoID`, `Nombre`) VALUES ('99','LA PRIMAVERA');
INSERT INTO `safezone_db`.`ciudad` (`DepartamentoID`, `Nombre`) VALUES ('99','SANTA ROSALÍA');
INSERT INTO `safezone_db`.`ciudad` (`DepartamentoID`, `Nombre`) VALUES ('99','CUMARIBO');

INSERT INTO `safezone_db`.`usuario` (`Nombre`, `Apellido`, `Usuario`, `Contraseña`, `CorreoElectronico`, `FechaNacimiento`, `FechaRegistro`, `Telefono`, `Direccion`, `CiudadID`, `TipoUsuarioID`) VALUES ('NICOLAS', 'CUBILLOS', 'nicolasd-cubillos', 'David123', 'nicolasdavidcubillos@gmail.com', '2002-12-16', '2022-04-11', '3163009512', 'Cra 64 24', '1', '1');
INSERT INTO `safezone_db`.`usuario` (`Nombre`, `Apellido`, `Usuario`, `Contraseña`, `CorreoElectronico`, `FechaNacimiento`, `FechaRegistro`, `Telefono`, `Direccion`, `CiudadID`, `TipoUsuarioID`) VALUES ('ESTEBAN', 'ROJAS', 'rojases', 'Esteban123', 'estebanrojas@gmail.com', '2001-12-27', '2022-04-11', '3153633556', 'Cra 65 25', '1', '1');
INSERT INTO `safezone_db`.`usuario` (`Nombre`, `Apellido`, `Usuario`, `Contraseña`, `CorreoElectronico`, `FechaNacimiento`, `FechaRegistro`, `Telefono`, `Direccion`, `CiudadID`, `TipoUsuarioID`) VALUES ('ANGELLO', 'JAIMES', 'angello.jaimes', 'Angello123', 'angellojaimes@gmail.com', '2002-05-05', '2022-04-11', '3175889432', 'Cra 9 155', '1', '1');

INSERT INTO `safezone_db`.`estadoproducto` (`Nombre`, `Disponible`) VALUES ('En venta', b'1');
INSERT INTO `safezone_db`.`estadoproducto` (`Nombre`, `Disponible`) VALUES ('Agotado', b'0');
INSERT INTO `safezone_db`.`estadoproducto` (`Nombre`, `Disponible`) VALUES ('Bloqueado', b'0');
INSERT INTO `safezone_db`.`estadoproducto` (`Nombre`, `Disponible`) VALUES ('Oculto', b'0');
INSERT INTO `safezone_db`.`estadoproducto` (`Nombre`, `Disponible`) VALUES ('En promoción', b'1');
INSERT INTO `safezone_db`.`estadoproducto` (`ID`, `Nombre`, `Disponible`) VALUES ('6', 'Eliminado', b'0');

INSERT INTO `safezone_db`.`estadopedido` (`Nombre`, `Descripcion`) VALUES ('Iniciado', 'Pedido creado.');
INSERT INTO `safezone_db`.`estadopedido` (`Nombre`, `Descripcion`) VALUES ('Entregado', 'Pedido entregado al usuario');
INSERT INTO `safezone_db`.`estadopedido` (`Nombre`, `Descripcion`) VALUES ('En tránsito', 'Pedido en camino al usuario');

INSERT INTO `safezone_db`.`estadopago` (`Nombre`, `Descripcion`) VALUES ('No pagado', 'Dinero retenido');
INSERT INTO `safezone_db`.`estadopago` (`Nombre`, `Descripcion`) VALUES ('Pagado', 'Pagado');

INSERT INTO `safezone_db`.`categoria` (`Nombre`, `Descripcion`) VALUES ('Otros','Productos sin categoria');
INSERT INTO `safezone_db`.`categoria` (`Nombre`, `Descripcion`) VALUES ('Supermercado','Supermercado');
INSERT INTO `safezone_db`.`categoria` (`Nombre`, `Descripcion`) VALUES ('Tecnología','Tecnología');
INSERT INTO `safezone_db`.`categoria` (`Nombre`, `Descripcion`) VALUES ('Electrodomésticos','Electrodomésticos');
INSERT INTO `safezone_db`.`categoria` (`Nombre`, `Descripcion`) VALUES ('Hogar y muebles','Hogar y muebles');
INSERT INTO `safezone_db`.`categoria` (`Nombre`, `Descripcion`) VALUES ('Deportes y Fitness','Deportes y Fitness');
INSERT INTO `safezone_db`.`categoria` (`Nombre`, `Descripcion`) VALUES ('Belleza y Cuidado Personal','Belleza y Cuidado Personal');
INSERT INTO `safezone_db`.`categoria` (`Nombre`, `Descripcion`) VALUES ('Accesorios para vehículos','Accesorios para vehículos');
INSERT INTO `safezone_db`.`categoria` (`Nombre`, `Descripcion`) VALUES ('Herrramientas','Herrramientas');
INSERT INTO `safezone_db`.`categoria` (`Nombre`, `Descripcion`) VALUES ('Construcción','Construcción');
INSERT INTO `safezone_db`.`categoria` (`Nombre`, `Descripcion`) VALUES ('Inmuebles','Inmuebles');
INSERT INTO `safezone_db`.`categoria` (`Nombre`, `Descripcion`) VALUES ('Moda','Moda');
INSERT INTO `safezone_db`.`categoria` (`Nombre`, `Descripcion`) VALUES ('Juguetes','Juguetes');
INSERT INTO `safezone_db`.`categoria` (`Nombre`, `Descripcion`) VALUES ('Salud','Salud');
INSERT INTO `safezone_db`.`categoria` (`Nombre`, `Descripcion`) VALUES ('Industria y Oficinas','Industria y Oficinas');
INSERT INTO `safezone_db`.`categoria` (`Nombre`, `Descripcion`) VALUES ('Servicios','Servicios');

INSERT INTO `safezone_db`.`producto` (`VendedorID`, `Cantidad`, `Titulo`, `Descripcion`, `Valor`, `PorcentajeDescuento`, `Peso`, `Alto`, `Largo`, `Ancho`, `Color`, `EstadoProductoID`, `CiudadID`, `CategoriaID`) VALUES ('1', '50', 'Tapabocas', 'Cajas de tapabocas 10 unidades', '30000', '5', '15', '15', '15', '15', 'Blanco', '5', '1', '14');
INSERT INTO `safezone_db`.`PRODUCTO` (`VendedorID`, `Cantidad`, `Titulo`, `Descripcion`, `Valor`, `PorcentajeDescuento`, `Peso`, `Alto`, `Largo`, `Ancho`, `Color`, `EstadoProductoID`, `CiudadID`, `CategoriaID`) VALUES ('2', '15', 'Ron viejo de caldas', 'Ron viejo de caldas 750ml', '42000', '5', '15', '15', '15', '15', 'Marrón', '5', '2', '14');
INSERT INTO `safezone_db`.`PRODUCTO` (`VendedorID`, `Cantidad`, `Titulo`, `Descripcion`, `Valor`, `PorcentajeDescuento`, `Peso`, `Alto`, `Largo`, `Ancho`, `Color`, `EstadoProductoID`, `CiudadID`, `CategoriaID`) VALUES ('3', '14', 'Manguera', 'Manguera verde', '30000', '0', '15', '15', '15', '15', 'Verde', '1', '3', '14');
INSERT INTO `safezone_db`.`PRODUCTO` (`VendedorID`, `Cantidad`, `Titulo`, `Descripcion`, `Valor`, `PorcentajeDescuento`, `Peso`, `Alto`, `Largo`, `Ancho`, `Color`, `EstadoProductoID`, `CiudadID`, `CategoriaID`) VALUES ('2', '12', 'Parlante Sony', 'Parlante Sony 30W', '500000', '0', '15', '15', '15', '15', 'Blanco', '1', '4', '14');
INSERT INTO `safezone_db`.`PRODUCTO` (`VendedorID`, `Cantidad`, `Titulo`, `Descripcion`, `Valor`, `PorcentajeDescuento`, `Peso`, `Alto`, `Largo`, `Ancho`, `Color`, `EstadoProductoID`, `CiudadID`, `CategoriaID`) VALUES ('2', '13', 'Computador Lenovo Ideapad 500', 'Portatil Ideapad 500 Intel i7 8 GB Ram', '2000000', '15', '15', '15', '15', '15', 'Gris', '5', '5', '14');

INSERT INTO `safezone_db`.`productofavorito` (`UsuarioID`, `ProductoID`) VALUES ('2', '1');
INSERT INTO `safezone_db`.`productofavorito` (`UsuarioID`, `ProductoID`) VALUES ('3', '1');

INSERT INTO `safezone_db`.`IMAGENES` (`Base64`, `Principal`) VALUES ('iVBORw0KGgoAAAANSUhEUgAAA4QAAAH0BAMAAACX3f7gAAAAElBMVEUGBgbm5ub///9GRka4uLiBgYEzXQpEAAAWaklEQVR42uydy3biuhKGlWM8jwXMWwbm5jYHQuaGwPu/ygm37qRjyapS2RK9f016/Wu3Urv9paSSqiSp8tZMcWuQTycVPgcQQgIhJBACIT4HEEICYRxpSmM0ED6z3L/v96f9fr8tLtIYIHwiuT+dl5Wq1KVVn38s1+vzqdCfXgmEqUtdFtN9rZpbtj5tgTD1yW968T5HW94hAmGSUhejDye/e1vvCyBMU+4/lGfLTp+dgDA1WXh54JcR9YkQ3v98LJD+SWmm7ySA19hm+yz/wP8CQjP+UIy23j1+0YEwrtTmrVK89umJQJiAHNWK3bKDNkAYW84qFdKyiyMCYUz5pgJbdtIGCONJ86HC2/qx7QaE/ctprSRatgPCSHJaKaG2AsIYUpDgZUIEwt6l3ssRvK3zgbBfqceiBG8MgbBHKU7wGtQAYX9ST8UJXvzQAGFfUo86IHjxQ5Mkwn8xQWg6Ifh7gYiUb/eyVh21bAuEvcg31Vm7+iEQdiz1WHXYcg2EXctuCV732oCwWzmtukWo5kDYrTS16rotgLBLqd86J/gZlhog7Ex2PRHeQxp4YXey84nwvtWmgbAjqTeqn7YyQNjNwZex6qvtgLAT2UM0+meFD4QdyPJN9dcuQykQSsueYpk/Q2kqCP+dYpm6T4IqR8pXvlhG9dvmQCgt654RZjsglK13Gqq+2wAIRaWpekeoDgYIBUvW3vonqDINhHJyGsEJH/tsQChSdRjDCT+bBkIpaao4CAcGCGVkLCdU6giEMnJaxUKYGyCUkBHWhF+3SoFQQFbxEOZAKCHHKmI7GCAMl3VMhHl8hM+fL5ypqG2HlG9wBf4mLsIBEAZX4KvIbQeEgfI1NsKBAcKwQxRVbISP3C8QMuVYRW9zA4Qh52Dq+AgzDYQBcqoSaAsg5MuY26PfN7uBkIuwTgFh3CMWT44wiXFUqRcDhFw5TANhBi9kyyoNhNfsPRBy5CwRgtcdGiBkyHg1M00jaTSET50vTGUc/RxJkfJlydB4dLk+vZ/35/N5uQz9ZRgAIUsGJSmWp/315+lrQf/oPZCiBkKODFjX5zd+X39yGMUFEDJkwDi6av7J42XASAqEdDlhx4/H0vKTR+9sR9RASJbscfRyx7atqrgYcZ95OgIhWRruNLh1VdFrw1xsPuovgNBfMrdmbhcZOn4y88nDDF5Ilsziw9vxatdPZr6RsANCquRNhSufWZbFcA6ERMlbUuTab9+HwTA3QEiTY14w6mloxl5WAKGv5NXh+1/ZxFh0LoCQhpAzFVIuTtswlxX9I3zWfCGrivtIKW+sGL8gSPkSJGeyyim5dca9fDsgpMhf3Ve4kIfSIxBS5IYZ9RMMkVeHL0BIkRVz+4RgiHxTdA6EBMlY2OdkQ+T72oGQIBnLtgP95MOMEc8AoaccMp2QaIjohgsg9JcbphMSDU3o8QwQesqa6YRUQ7SoKQNCb0nfOrmfpqYaeiXHM0DoJ8l7M5nmGTLkxT0Q+klyNPPSz6S7AMKOxreAa7Zo/j4AQl9Zk/dNuHYNdX+mf4RPmS/U1GhmzrZLTC1vkfL1lESE2Y5vlzaS7oDQT1J3SHMTYJf063IAQj9JzcYeeivSeQFCPzmkLwr5dkkj6cAAoY+knrEfhNmtSEM2EHpJ4ib3LsguaSTNMJD6yZoazATZJQ3bOyDsAOEi0C4p/j0CoZesyONoiF3SRsIBCH0kLdWUhxZZkwrHX4DQCyHjOFqIXUruflACoYec0cfRILuUnYQcXiiOMAu3a4BQWo5p+yXhdivKTlDvCJ8xX0jywmO4XVJ6skDKVxjhwyuCEG7IUy8QyiEcSNil7M8cgVAY4VzC7gwI4yHMdhJ2KQvRORB6yClla0bCLuWkIRAKI1zJ2CUgHAChhzSU+FDEbk1ehwKhG2FF2JqRsKuBUFrWhO8pYpewMMwxkIoiPBRAmKb0PlKx7f9NkwwDqY+cEDxCxO4QCIWl79r+ciQNCJOUhrDM7h3htm+ET1n+5LnUvmYpROwSSi8eqRGkfJ3Sszo3F7NL2ecGQi/pN7C9xEAIL/STfrukO3hhwtJnMszKKAh3QOgjvSbDgZzdCRCKS5/J8Chnd4iBVFz6TIZlHISoI/WTHumfQQkvTFq2f9QFEKYtjV88KmR3A4Rl/6/FDGIhRETqK8de8aiQXULhRQaEvrLltte8jIUQA6m3dIcYc0m7pNeFekf4lPnCW6ucviBpl1IK3H++8IkRuna9DqJ2KQX5GcqfCLLq617QMRB2JId93ZE9BMKOpPVBnlzWEGlZiDpSUnmnJcy4Ls0kEVIOauNYDEnqoSWWETZEQogiRJJs3H9eSRsi3TYFhETZcIFJLm6IdNsUEJLl+18ustbihki3Wa4wF1KlGX18+4Ja3hDpBts5ENKl2f+GuDzpDgyRrj89ACFHmv35vF4uz/ui7MAQ7eJFIAyRpe7kJ9PeodwCYXpykzjC580X9iZJdxBHuAkRkNok7QJb2WoBIOylzgoIU5fEZ4NxN3d6kvjE1wpzYWqS9MLBpYYcCFOT1KcS8VpMalK/AuGTS1MREeLZrdQk8bFLPH6XnDTEYEblQJiYpD4arAZAmJYkO6GaA2FakuyE6giEaUmyE6pdBITICFqlpjthFuH/GQgdku6EORCmJPWQTPCSpwDCdOS0oiOcA2FCkpjq/X3bBRAmI2cMgpdz9kCYiqSv6u/XFQFhIpLyMsX3qgsgTENq1jB6vfYNCNOQpmIh3AFhMvKDRfBaBgyEScghi+CtABEIU5BT3jB6uwEVCFOQNY/g7fJFIExAvjEJ3k7E9I8QCcK/pGZOhI+LEpDyjV44OuISvJ+yB8LIUhcVG+EWCFOQpmYTzAsgTEDqNzbB65OlQPiEJWs/DtkDYVQ55U+Ev9/wBcKosg5wwkUBhPFlwER4qSAFwuhyFkIwL4EwugyZCC9b3EAYW05DJsLL/igQRpYmiOAlVQiEkWVQKHPNMwFhXDkOI5hH/CcgX3htsyoM4dzE+ycA4XVXJmwivC0KgfAZKy2+JXuB8AkrLb4czwbCqHIWSjA3QBhVTqtQhPMCCKPerh86EapMA2FUGTwRXlcUQBhPDoMJZrsCCONJHT4RPpwQCOPIUTjBx8OvQBhFhocyf5wQCC1Sl0aXnd0sMw4nmGkgdMmyHJ3Py2VWZcvl+VQ8/ruQIS0wjKpFCYR2afZ/PS9Zrbel4G6kESCYxf9WqeYLtRl9NH3hfCtnKHxFeJ0JY3+rRBHqZoD3h15lDM0ECOa6AMJm+e4Y47JDKVIsIzCMXt+bBMIG2bbeXmkBQ7WQEwJhg3zz+HQm1NBQgOAtTwiEP+SH15aICTIksp5QKwOE/Ckq2wWFghLbMo8kExB+l95Bxuf34xvSEusJdTBA+HN8I4SJuWYb0hLrCTVI5NOlhZAU6K9KriGR9cR9GAXCb5IY6C+YhmSG0WMJhD8k8QH53++PEw3JDKOrEgh/Ogf9jSseQolhNC+B8Kdk1EAcORvoIsPoDgh/Ss6O120opRkSGUbnCe0np5MvnLD3R2iGxPZGU8mtJoPQ9HOkSCSWuZcdAuF3uWGurw3NkEyKyQDhT8l2jh3tPTuJWGZlCiD8Ifkz1Of3JBgSqPz9c8MMEH51jgn/i2pK1aGAE2aplYqlgTBkhlp0/J7dz7UoEDY4R0gKPScUjgo44aoEwgYZFiYe+ywczUsgbHKOsDqWga8h/SqwIgTCRoSBzuFryAisCEsgbJKT4ADDz9BQYiIEwqbxLfjWFz9D4TNhXgJho5wKHE3xMRTshI8UMxD+JVkvVzeNpG2Gahkz6SGMn/QKDzJefAwFpyhOiV7mGB+hO5jJ1qftaP++bFndexjahM+4QNgsXZ/2eprwNmh8tGUNWwyFBjOXiRAIm8u3HV/t9OUvl+/OfdJWQ4HBTJZQsUxqCCcuF/xegl25J0N3nXhgMJNSsUxqCK3j6Lr86+CLo0gxbzUUuHJZlUBolYTTl/a91KztqGbgNmyugdAqZ84TC3/9ZXtu/9iGsA6eCIHQIm3Jg6Np6jt1xTMuQyORNT0QNkUZlb0wranvqyOecRgKWxTyj1D9FxBOXQu9hr7GUYvoMlQHTYQaCO3SsqR4Mba+FnfK3AhDNteybQGEjihj43TChr42t3UaCqqZ2RogpAeKrrcALUPi1mkoYBxdmQIIXdJ2fNfe95elIsJlaBZGMHWEUZNeM9s4au87tcb9dkOTwDV9YgnCpFK+v2yxCblWauEyVAeu6YHQLl9t8agDYXOf/7kMhRWsAaFLVrbdMkffiS0hazU0DV3TA6FdWhcIjr4zW3GZ1dBr0EQIhC7Z7B6XR6xcfSsqwpq9pgfCNjmx7ne6+taWQkSbIeZxpmxrgLBV/rJmHVx9N0SEzFVhzLddnwfhK+cGBEtIajfEmwrXZQGE7bJ5kjItfYeWAjOboZoXyhRA6CErWzRDR2j3Qlb1YVrXkiSM0J7tdfUd0xCypsL7pRZA2CKNvSbU1XdGQzhhD6NA2Cqn1komQYSco73R37N7GoQz294MB6E1nGFEM0fzVAgjJr0m9mPXrr5TC/lmQ4wN0oFJO0GYUMp3Yj9JS0doK4+gRzNBd+//xxAO7aeuXX1nJIT0aOZggNBXvloSfy19J5YIpNnQkD6MFkAYBaHNdWrOoh4I/WRzuH9s7ftq2dNp/MvkvZm5AUJ/2Zhy2LX23ViGP0Ls07aoB0JPL9w0r+/a+laWJCMh9nHGMkAYOBe29jWKgnBCj2WAMAxh1tp3ZttZ9R912xIU/2/vbtrbxIE4gGNj3w1J77zeid3cHbd7pyT5/l+ldexs3hhpBhhbQ/572Gf/3Qq3+T0GSSMkEI4hXHvbZlSdeALC1123QTiiO+M/w4esE/d+kGxMkSYgHP0t9BOKXk6TjSmWBQjHz5EufW1r0ZSKbEyRgnACwq2vbSZ6UVs0plgVNgkDqxd2nrb0WzG9HySaIT0YKRAGXrU/eNpW1C2w94NE2yT4VpGDkLWCLc49bYnX2YoJCO8SEE6wjnTtISTuoyuKsBUO60EojF+/UktP25oaDYwn9C5+BGFPrKneDNWW3CGD+iDBsPBPAsIpXhH1tKV2DqI+SDAsjBMQTvGu/crTtozoR2HfBwm2XluBcFCsZAs4iRe7z/MBPW0FI/tToRCE4rj/NDZwt6VEDtQHCUb2D/gWDovVp2+Tuy21AVsxnvA8mgGhPN7w3tQt6Hp9FC3ID+K/T7EA4eDYMndwIme4HcduCSZnugSEQ+NbRa/z/ebGeR/ta8snTEA4PFan72HsPRqwdt9H+76FrfBRaJMwgKJX9fz4/JT6Vv+RHvTmpfxlF3eWCoQBlXzfx9y7+o/cS99xZfb8WgdC/Uh2TZZTEB5AqB/zIQte+K8UglA9kq/Muxa8sM9fXoHwAoQN/RQbT3gHQv1YRvSgcDzhAwjVIzmiWDgJud2ZHITqsaI7MxMQxiBUj+SIYlVMcSNdgVB/4O8ckpNtuesutgkIteNN5JrhHn0j7UCoHtvIsfhwNGHwB2vNgNDZmSlGT7CtExBqx427zDSW8Gdum9BASSwfWmpPG26ZwlSBMLiSrz+Wg+u0LbdMAULVSM7M3Pna8tbOHMsUIFSNZGemmIZwXYBQN5JlpoW/LWsd6R0ItQmpPsnB37Zm9mZAqBprcnrU37Zi9mZAqBnJ51nHuVTD682AUJWQnh5l3IQZo4pVAULdWNPTowxCRpd0AULdSPZHeZeqeb0ZEGoSNvTtj3MpxkYXINSN1biRgP9huC5AqBtLxw+ec6k961EIQr1I9Ue23EvVrEehbcLAS2LUqkH2pRrOXiUo+erFyjU9yrrUfn77qdsizFyvFI5btPFuzycQKsaNq9Y7bunU+/soCPViS51owL9UzbiPglAvOjeyZ16qdW8EDELVWDlrvcxL1a5xPQiVY+lauMa9lGOuuwOhdsyca2a4l6oaenINhLqx//uzEL8hfDPgDWEQTkPYTnP3Izq2PwsQqkeiUii+VN72njYJQv1v4VQPsPR2RxQKQagbK2LFhfxSafX4WfBPAUL9WE/XB0mTX5/eKSxmQxhySawmpmYGXbmo3iHeP+R2C4SWSr4ZcVLh0Cv/ft7tmmi3u09Mm1knXI0gPG63WJx+BYTXI1zM4+f+XQg3RKEJhCAE4TUJO5hZItwTRVoQmiaEGQhBeO1nYQ4z44QxCEEIwis/C9cgtP4tBKGtN5s2xIuFMyjyfZeSbybdjBuEof0pS+KlXBCCEIRXXDsDQvMr2JYws74UGITmCbcws/5ORQcz6282HWBm/f1CmBkjrIWHNIEwuD9l0r9jGgjtEH7pz2xhZn33pxRm1s5sqnq3fUK90EzJt8g/3Um3MDNH+LFPGucws0f4YXTfwcwgYfLuMNefMDNJmP6/d9MfmNkk/Gf46/R2/IC2x3+DMIBYVOdBkPQ5Wvx4Pm9sAcIrx3RQ2/OGGesHEBqNxc3HTWZAaC5+rHLEv8+KILQTv2xCGj8dFUFoJvZuKBw/pSA0E6mdgF++iyA0EF0njJzuqPMhnGk5LfMc1fSEkm/gMfWfw3x6LoIwWELOaejHrZ1BGGqsI94/hxyEgcaMSSg8OwiEARKKDmED4QXjhkt4XgkAwtBiuo9kX0MQBkfYsglPT0MQXiYe0+3j25F1DsKGT7gE4YXiC1/DPEM55Que7qQg1I5Fkf/XCI5jlhBGILxAvH2UHoouITyAUDv2nCAZewgrCeEWhNqxIW5+jra1hHBpnTD4kljvRMvB3bYUEaLkqxupk0SdbTMJ4QKEyrH/+TUh4QqEurEGoXXCjHx+OdrucSO1TtiiO2OdsAFhQLEkn1+OthEIgydcT0i4BeE1eqTxhIQdCHVjNYBQNEX6sh0RCC8+tI+cbUVTpFEBQuUJtgE/9xKE1gkzEAZF2D/GO0xGGJsnDL4k1pDLP8m2Gwkh1s6ox1Zcak9FU6QrEGrHvZxQNEW6wCJE7ZiJV0uksilSEAZIGIHQAOFiMsItCK9DeOyETEPYgVA7luRQgGormyI9gFA7EqUKB6FsijQBoXasxISyKdIchOqR/MlTbTMQfivCGITXIkwmIsSL2lcjfCDbDpgiBaFubKixAEUonyK1TRh8SYwQSem24lWkKPkqE+6pWjvVNgJhYHFD1donIdyCUD9m0iXY4lWkILwGYUe3zWVTpCDUj6XwnQrZLHcBQv1YEa9UUG1rEIYWv5T/7g/OthkIgyPMek+amIYwBuEl4usplPH9+eylCQnXILxEfDmFcvf77X8726aihcArEF4kpqLfvJdPzoAwLO8WhNYJGxBaJxwwRWqb0GKFzFM/E68iRck3rCicIgVheFE2RZqAMLwomyLNQRheLEH4rb6FMQitE65BaL07swKh9XHhAj1S64RLEIYYGxBaj5J64RaEIcZSPkUKwsCifIoUhGFF8RGi1glnVy9MJHfSfAZ/3zkSCvqkIAw0lvwpUhAGGvfsKVIQhhpb7vwaCIONv5iTMyAMOP7YcYaFIAw4chRzEAYe/w1+fzy6HoUgNBD/Kd4+OmZIQWgk9iseV12A0E7sUewSEBrr3XxSXOQgNNi7eae4LhIQ2uzdVCfF+2Iuf8E5lnzd8fhdfH6a03Kvb0d4+m8QIoIQEYSIr/EvWE+4nbhH/1IAAAAASUVORK5CYII=', b'1'); -- img predet
